Yosys precheck source closure report
Top module: final_alu_runtime_top
All resolved RTL sources: 14
Reachable closure sources: 10

Reachable modules:
  - final_alu_runtime_top
  - final_alu_cfg_checker
  - final_alu_cfg_precompute
  - final_alu_cfg_regs
  - final_alu_corrector_search_v18
  - final_alu_encoder_runtime
  - final_alu_op_range_guard
  - final_alu_range_check
  - final_alu_runtime_cu
  - final_alu_slice_runtime

Reachable closure source files:
  - designs/final_design/src/final_alu_cfg_checker.v
  - designs/final_design/src/final_alu_cfg_precompute.v
  - designs/final_design/src/final_alu_cfg_regs.v
  - designs/final_design/src/final_alu_corrector_search.v
  - designs/final_design/src/final_alu_encoder_runtime.v
  - designs/final_design/src/final_alu_op_range_guard.v
  - designs/final_design/src/final_alu_range_check.v
  - designs/final_design/src/final_alu_runtime_cu.v
  - designs/final_design/src/final_alu_runtime_top.v
  - designs/final_design/src/final_alu_slice_runtime.v

Reachable dependency map:
  - final_alu_runtime_top: final_alu_cfg_checker, final_alu_cfg_precompute, final_alu_cfg_regs, final_alu_corrector_search_v18, final_alu_encoder_runtime, final_alu_op_range_guard, final_alu_range_check, final_alu_runtime_cu, final_alu_slice_runtime
  - final_alu_cfg_checker: (leaf)
  - final_alu_cfg_precompute: (leaf)
  - final_alu_cfg_regs: (leaf)
  - final_alu_corrector_search_v18: (leaf)
  - final_alu_encoder_runtime: (leaf)
  - final_alu_op_range_guard: (leaf)
  - final_alu_range_check: (leaf)
  - final_alu_runtime_cu: (leaf)
  - final_alu_slice_runtime: (leaf)


 /----------------------------------------------------------------------------\
 |                                                                            |
 |  yosys -- Yosys Open SYnthesis Suite                                       |
 |                                                                            |
 |  Copyright (C) 2012 - 2020  Claire Xenia Wolf <claire@yosyshq.com>         |
 |                                                                            |
 |  Permission to use, copy, modify, and/or distribute this software for any  |
 |  purpose with or without fee is hereby granted, provided that the above    |
 |  copyright notice and this permission notice appear in all copies.         |
 |                                                                            |
 |  THE SOFTWARE IS PROVIDED "AS IS" AND THE AUTHOR DISCLAIMS ALL WARRANTIES  |
 |  WITH REGARD TO THIS SOFTWARE INCLUDING ALL IMPLIED WARRANTIES OF          |
 |  MERCHANTABILITY AND FITNESS. IN NO EVENT SHALL THE AUTHOR BE LIABLE FOR   |
 |  ANY SPECIAL, DIRECT, INDIRECT, OR CONSEQUENTIAL DAMAGES OR ANY DAMAGES    |
 |  WHATSOEVER RESULTING FROM LOSS OF USE, DATA OR PROFITS, WHETHER IN AN     |
 |  ACTION OF CONTRACT, NEGLIGENCE OR OTHER TORTIOUS ACTION, ARISING OUT OF   |
 |  OR IN CONNECTION WITH THE USE OR PERFORMANCE OF THIS SOFTWARE.            |
 |                                                                            |
 \----------------------------------------------------------------------------/

 Yosys 0.33 (git sha1 2584903a060)


-- Executing script file `run.ys' --

1. Executing Verilog-2005 frontend: /home/runner/work/LibreLane-Sky130PDK-ASIC-Toolchain/LibreLane-Sky130PDK-ASIC-Toolchain/designs/final_design/src/final_alu_cfg_checker.v
Parsing SystemVerilog input from `/home/runner/work/LibreLane-Sky130PDK-ASIC-Toolchain/LibreLane-Sky130PDK-ASIC-Toolchain/designs/final_design/src/final_alu_cfg_checker.v' to AST representation.
Storing AST representation for module `$abstract\final_alu_cfg_checker'.
Successfully finished Verilog frontend.

2. Executing Verilog-2005 frontend: /home/runner/work/LibreLane-Sky130PDK-ASIC-Toolchain/LibreLane-Sky130PDK-ASIC-Toolchain/designs/final_design/src/final_alu_cfg_precompute.v
Parsing SystemVerilog input from `/home/runner/work/LibreLane-Sky130PDK-ASIC-Toolchain/LibreLane-Sky130PDK-ASIC-Toolchain/designs/final_design/src/final_alu_cfg_precompute.v' to AST representation.
Storing AST representation for module `$abstract\final_alu_cfg_precompute'.
Successfully finished Verilog frontend.

3. Executing Verilog-2005 frontend: /home/runner/work/LibreLane-Sky130PDK-ASIC-Toolchain/LibreLane-Sky130PDK-ASIC-Toolchain/designs/final_design/src/final_alu_cfg_regs.v
Parsing SystemVerilog input from `/home/runner/work/LibreLane-Sky130PDK-ASIC-Toolchain/LibreLane-Sky130PDK-ASIC-Toolchain/designs/final_design/src/final_alu_cfg_regs.v' to AST representation.
Storing AST representation for module `$abstract\final_alu_cfg_regs'.
Successfully finished Verilog frontend.

4. Executing Verilog-2005 frontend: /home/runner/work/LibreLane-Sky130PDK-ASIC-Toolchain/LibreLane-Sky130PDK-ASIC-Toolchain/designs/final_design/src/final_alu_corrector_search.v
Parsing SystemVerilog input from `/home/runner/work/LibreLane-Sky130PDK-ASIC-Toolchain/LibreLane-Sky130PDK-ASIC-Toolchain/designs/final_design/src/final_alu_corrector_search.v' to AST representation.
Storing AST representation for module `$abstract\final_alu_corrector_search_v18'.
Successfully finished Verilog frontend.

5. Executing Verilog-2005 frontend: /home/runner/work/LibreLane-Sky130PDK-ASIC-Toolchain/LibreLane-Sky130PDK-ASIC-Toolchain/designs/final_design/src/final_alu_encoder_runtime.v
Parsing SystemVerilog input from `/home/runner/work/LibreLane-Sky130PDK-ASIC-Toolchain/LibreLane-Sky130PDK-ASIC-Toolchain/designs/final_design/src/final_alu_encoder_runtime.v' to AST representation.
Storing AST representation for module `$abstract\final_alu_encoder_runtime'.
Successfully finished Verilog frontend.

6. Executing Verilog-2005 frontend: /home/runner/work/LibreLane-Sky130PDK-ASIC-Toolchain/LibreLane-Sky130PDK-ASIC-Toolchain/designs/final_design/src/final_alu_op_range_guard.v
Parsing SystemVerilog input from `/home/runner/work/LibreLane-Sky130PDK-ASIC-Toolchain/LibreLane-Sky130PDK-ASIC-Toolchain/designs/final_design/src/final_alu_op_range_guard.v' to AST representation.
Storing AST representation for module `$abstract\final_alu_op_range_guard'.
Successfully finished Verilog frontend.

7. Executing Verilog-2005 frontend: /home/runner/work/LibreLane-Sky130PDK-ASIC-Toolchain/LibreLane-Sky130PDK-ASIC-Toolchain/designs/final_design/src/final_alu_range_check.v
Parsing SystemVerilog input from `/home/runner/work/LibreLane-Sky130PDK-ASIC-Toolchain/LibreLane-Sky130PDK-ASIC-Toolchain/designs/final_design/src/final_alu_range_check.v' to AST representation.
Storing AST representation for module `$abstract\final_alu_range_check'.
Successfully finished Verilog frontend.

8. Executing Verilog-2005 frontend: /home/runner/work/LibreLane-Sky130PDK-ASIC-Toolchain/LibreLane-Sky130PDK-ASIC-Toolchain/designs/final_design/src/final_alu_runtime_cu.v
Parsing SystemVerilog input from `/home/runner/work/LibreLane-Sky130PDK-ASIC-Toolchain/LibreLane-Sky130PDK-ASIC-Toolchain/designs/final_design/src/final_alu_runtime_cu.v' to AST representation.
Storing AST representation for module `$abstract\final_alu_runtime_cu'.
Successfully finished Verilog frontend.

9. Executing Verilog-2005 frontend: /home/runner/work/LibreLane-Sky130PDK-ASIC-Toolchain/LibreLane-Sky130PDK-ASIC-Toolchain/designs/final_design/src/final_alu_runtime_top.v
Parsing SystemVerilog input from `/home/runner/work/LibreLane-Sky130PDK-ASIC-Toolchain/LibreLane-Sky130PDK-ASIC-Toolchain/designs/final_design/src/final_alu_runtime_top.v' to AST representation.
Storing AST representation for module `$abstract\final_alu_runtime_top'.
Successfully finished Verilog frontend.

10. Executing Verilog-2005 frontend: /home/runner/work/LibreLane-Sky130PDK-ASIC-Toolchain/LibreLane-Sky130PDK-ASIC-Toolchain/designs/final_design/src/final_alu_slice_runtime.v
Parsing SystemVerilog input from `/home/runner/work/LibreLane-Sky130PDK-ASIC-Toolchain/LibreLane-Sky130PDK-ASIC-Toolchain/designs/final_design/src/final_alu_slice_runtime.v' to AST representation.
Storing AST representation for module `$abstract\final_alu_slice_runtime'.
Successfully finished Verilog frontend.

11. Executing HIERARCHY pass (managing design hierarchy).

12. Executing AST frontend in derive mode using pre-parsed AST for module `\final_alu_runtime_top'.
Generating RTLIL representation for module `\final_alu_runtime_top'.

12.1. Analyzing design hierarchy..
Top module:  \final_alu_runtime_top
Parameter \CFG_W = 3
Parameter \OP_W = 4

12.2. Executing AST frontend in derive mode using pre-parsed AST for module `\final_alu_runtime_cu'.
Parameter \CFG_W = 3
Parameter \OP_W = 4
Generating RTLIL representation for module `$paramod$7fc61225471e37c5061c2290377709fe8f34c170\final_alu_runtime_cu'.
Parameter \XW = 24
Parameter \PW = 20

12.3. Executing AST frontend in derive mode using pre-parsed AST for module `\final_alu_range_check'.
Parameter \XW = 24
Parameter \PW = 20
Generating RTLIL representation for module `$paramod$a1eea2f2e8d1a342568fc48780b8e97a0b12c301\final_alu_range_check'.
Parameter \WM = 5
Parameter \PW = 20

12.4. Executing AST frontend in derive mode using pre-parsed AST for module `\final_alu_corrector_search_v18'.
Parameter \WM = 5
Parameter \PW = 20
Generating RTLIL representation for module `$paramod$4189ba8f5f2c2b48a04fc022fed7b1fdd11c3d0e\final_alu_corrector_search_v18'.
Parameter \WM = 5

12.5. Executing AST frontend in derive mode using pre-parsed AST for module `\final_alu_slice_runtime'.
Parameter \WM = 5
Generating RTLIL representation for module `$paramod\final_alu_slice_runtime\WM=s32'00000000000000000000000000000101'.
Parameter \WM = 5
Parameter \XW = 24

12.6. Executing AST frontend in derive mode using pre-parsed AST for module `\final_alu_encoder_runtime'.
Parameter \WM = 5
Parameter \XW = 24
Generating RTLIL representation for module `$paramod$3d5933457824fda5c29cfed42e669bf3c7234f6e\final_alu_encoder_runtime'.
Parameter \XW = 24
Parameter \PW = 20

12.7. Executing AST frontend in derive mode using pre-parsed AST for module `\final_alu_op_range_guard'.
Parameter \XW = 24
Parameter \PW = 20
Generating RTLIL representation for module `$paramod$a1eea2f2e8d1a342568fc48780b8e97a0b12c301\final_alu_op_range_guard'.
Parameter \WM = 5
Parameter \PW = 20

12.8. Executing AST frontend in derive mode using pre-parsed AST for module `\final_alu_cfg_precompute'.
Parameter \WM = 5
Parameter \PW = 20
Generating RTLIL representation for module `$paramod$4189ba8f5f2c2b48a04fc022fed7b1fdd11c3d0e\final_alu_cfg_precompute'.
Parameter \WM = 5
Parameter \XW = 24
Parameter \PW = 20

12.9. Executing AST frontend in derive mode using pre-parsed AST for module `\final_alu_cfg_checker'.
Parameter \WM = 5
Parameter \XW = 24
Parameter \PW = 20
Generating RTLIL representation for module `$paramod$9b3939a60ab655ff6b5bd5df57c0bdbbd255081a\final_alu_cfg_checker'.
Parameter \WM = 5

12.10. Executing AST frontend in derive mode using pre-parsed AST for module `\final_alu_cfg_regs'.
Parameter \WM = 5
Generating RTLIL representation for module `$paramod\final_alu_cfg_regs\WM=s32'00000000000000000000000000000101'.

12.11. Analyzing design hierarchy..
Top module:  \final_alu_runtime_top
Used module:     $paramod$7fc61225471e37c5061c2290377709fe8f34c170\final_alu_runtime_cu
Used module:     $paramod$a1eea2f2e8d1a342568fc48780b8e97a0b12c301\final_alu_range_check
Used module:     $paramod$4189ba8f5f2c2b48a04fc022fed7b1fdd11c3d0e\final_alu_corrector_search_v18
Used module:     $paramod\final_alu_slice_runtime\WM=s32'00000000000000000000000000000101
Used module:     $paramod$3d5933457824fda5c29cfed42e669bf3c7234f6e\final_alu_encoder_runtime
Used module:     $paramod$a1eea2f2e8d1a342568fc48780b8e97a0b12c301\final_alu_op_range_guard
Used module:     $paramod$4189ba8f5f2c2b48a04fc022fed7b1fdd11c3d0e\final_alu_cfg_precompute
Used module:     $paramod$9b3939a60ab655ff6b5bd5df57c0bdbbd255081a\final_alu_cfg_checker
Used module:     $paramod\final_alu_cfg_regs\WM=s32'00000000000000000000000000000101

12.12. Analyzing design hierarchy..
Top module:  \final_alu_runtime_top
Used module:     $paramod$7fc61225471e37c5061c2290377709fe8f34c170\final_alu_runtime_cu
Used module:     $paramod$a1eea2f2e8d1a342568fc48780b8e97a0b12c301\final_alu_range_check
Used module:     $paramod$4189ba8f5f2c2b48a04fc022fed7b1fdd11c3d0e\final_alu_corrector_search_v18
Used module:     $paramod\final_alu_slice_runtime\WM=s32'00000000000000000000000000000101
Used module:     $paramod$3d5933457824fda5c29cfed42e669bf3c7234f6e\final_alu_encoder_runtime
Used module:     $paramod$a1eea2f2e8d1a342568fc48780b8e97a0b12c301\final_alu_op_range_guard
Used module:     $paramod$4189ba8f5f2c2b48a04fc022fed7b1fdd11c3d0e\final_alu_cfg_precompute
Used module:     $paramod$9b3939a60ab655ff6b5bd5df57c0bdbbd255081a\final_alu_cfg_checker
Used module:     $paramod\final_alu_cfg_regs\WM=s32'00000000000000000000000000000101
Removing unused module `$abstract\final_alu_slice_runtime'.
Removing unused module `$abstract\final_alu_runtime_top'.
Removing unused module `$abstract\final_alu_runtime_cu'.
Removing unused module `$abstract\final_alu_range_check'.
Removing unused module `$abstract\final_alu_op_range_guard'.
Removing unused module `$abstract\final_alu_encoder_runtime'.
Removing unused module `$abstract\final_alu_corrector_search_v18'.
Removing unused module `$abstract\final_alu_cfg_regs'.
Removing unused module `$abstract\final_alu_cfg_precompute'.
Removing unused module `$abstract\final_alu_cfg_checker'.
Removed 10 unused modules.

13. Executing CHECK pass (checking for obvious problems).
Checking module $paramod\final_alu_cfg_regs\WM=s32'00000000000000000000000000000101...
Checking module $paramod$9b3939a60ab655ff6b5bd5df57c0bdbbd255081a\final_alu_cfg_checker...
Checking module $paramod$4189ba8f5f2c2b48a04fc022fed7b1fdd11c3d0e\final_alu_cfg_precompute...
Checking module $paramod$a1eea2f2e8d1a342568fc48780b8e97a0b12c301\final_alu_op_range_guard...
Checking module $paramod$3d5933457824fda5c29cfed42e669bf3c7234f6e\final_alu_encoder_runtime...
Checking module $paramod\final_alu_slice_runtime\WM=s32'00000000000000000000000000000101...
Checking module $paramod$4189ba8f5f2c2b48a04fc022fed7b1fdd11c3d0e\final_alu_corrector_search_v18...
Checking module $paramod$a1eea2f2e8d1a342568fc48780b8e97a0b12c301\final_alu_range_check...
Checking module $paramod$7fc61225471e37c5061c2290377709fe8f34c170\final_alu_runtime_cu...
Checking module final_alu_runtime_top...
Found and reported 0 problems.

14. Executing PROC pass (convert processes to netlists).

14.1. Executing PROC_CLEAN pass (remove empty switches from decision trees).
Cleaned up 0 empty switches.

14.2. Executing PROC_RMDEAD pass (remove dead branches from decision trees).
Marked 1 switch rules as full_case in process $proc$/home/runner/work/LibreLane-Sky130PDK-ASIC-Toolchain/LibreLane-Sky130PDK-ASIC-Toolchain/designs/final_design/src/final_alu_cfg_regs.v:25$419 in module $paramod\final_alu_cfg_regs\WM=s32'00000000000000000000000000000101.
Marked 9 switch rules as full_case in process $proc$/home/runner/work/LibreLane-Sky130PDK-ASIC-Toolchain/LibreLane-Sky130PDK-ASIC-Toolchain/designs/final_design/src/final_alu_cfg_checker.v:121$403 in module $paramod$9b3939a60ab655ff6b5bd5df57c0bdbbd255081a\final_alu_cfg_checker.
Marked 1 switch rules as full_case in process $proc$/home/runner/work/LibreLane-Sky130PDK-ASIC-Toolchain/LibreLane-Sky130PDK-ASIC-Toolchain/designs/final_design/src/final_alu_cfg_checker.v:103$400 in module $paramod$9b3939a60ab655ff6b5bd5df57c0bdbbd255081a\final_alu_cfg_checker.
Marked 1 switch rules as full_case in process $proc$/home/runner/work/LibreLane-Sky130PDK-ASIC-Toolchain/LibreLane-Sky130PDK-ASIC-Toolchain/designs/final_design/src/final_alu_cfg_checker.v:91$399 in module $paramod$9b3939a60ab655ff6b5bd5df57c0bdbbd255081a\final_alu_cfg_checker.
Marked 1 switch rules as full_case in process $proc$/home/runner/work/LibreLane-Sky130PDK-ASIC-Toolchain/LibreLane-Sky130PDK-ASIC-Toolchain/designs/final_design/src/final_alu_cfg_checker.v:79$398 in module $paramod$9b3939a60ab655ff6b5bd5df57c0bdbbd255081a\final_alu_cfg_checker.
Marked 1 switch rules as full_case in process $proc$/home/runner/work/LibreLane-Sky130PDK-ASIC-Toolchain/LibreLane-Sky130PDK-ASIC-Toolchain/designs/final_design/src/final_alu_cfg_precompute.v:24$393 in module $paramod$4189ba8f5f2c2b48a04fc022fed7b1fdd11c3d0e\final_alu_cfg_precompute.
Marked 10 switch rules as full_case in process $proc$/home/runner/work/LibreLane-Sky130PDK-ASIC-Toolchain/LibreLane-Sky130PDK-ASIC-Toolchain/designs/final_design/src/final_alu_op_range_guard.v:88$384 in module $paramod$a1eea2f2e8d1a342568fc48780b8e97a0b12c301\final_alu_op_range_guard.
Marked 5 switch rules as full_case in process $proc$/home/runner/work/LibreLane-Sky130PDK-ASIC-Toolchain/LibreLane-Sky130PDK-ASIC-Toolchain/designs/final_design/src/final_alu_encoder_runtime.v:73$350 in module $paramod$3d5933457824fda5c29cfed42e669bf3c7234f6e\final_alu_encoder_runtime.
Marked 4 switch rules as full_case in process $proc$/home/runner/work/LibreLane-Sky130PDK-ASIC-Toolchain/LibreLane-Sky130PDK-ASIC-Toolchain/designs/final_design/src/final_alu_encoder_runtime.v:54$342 in module $paramod$3d5933457824fda5c29cfed42e669bf3c7234f6e\final_alu_encoder_runtime.
Marked 2 switch rules as full_case in process $proc$/home/runner/work/LibreLane-Sky130PDK-ASIC-Toolchain/LibreLane-Sky130PDK-ASIC-Toolchain/designs/final_design/src/final_alu_slice_runtime.v:0$323 in module $paramod\final_alu_slice_runtime\WM=s32'00000000000000000000000000000101.
Marked 2 switch rules as full_case in process $proc$/home/runner/work/LibreLane-Sky130PDK-ASIC-Toolchain/LibreLane-Sky130PDK-ASIC-Toolchain/designs/final_design/src/final_alu_slice_runtime.v:0$307 in module $paramod\final_alu_slice_runtime\WM=s32'00000000000000000000000000000101.
Marked 2 switch rules as full_case in process $proc$/home/runner/work/LibreLane-Sky130PDK-ASIC-Toolchain/LibreLane-Sky130PDK-ASIC-Toolchain/designs/final_design/src/final_alu_slice_runtime.v:0$291 in module $paramod\final_alu_slice_runtime\WM=s32'00000000000000000000000000000101.
Marked 2 switch rules as full_case in process $proc$/home/runner/work/LibreLane-Sky130PDK-ASIC-Toolchain/LibreLane-Sky130PDK-ASIC-Toolchain/designs/final_design/src/final_alu_slice_runtime.v:0$275 in module $paramod\final_alu_slice_runtime\WM=s32'00000000000000000000000000000101.
Marked 2 switch rules as full_case in process $proc$/home/runner/work/LibreLane-Sky130PDK-ASIC-Toolchain/LibreLane-Sky130PDK-ASIC-Toolchain/designs/final_design/src/final_alu_slice_runtime.v:139$271 in module $paramod\final_alu_slice_runtime\WM=s32'00000000000000000000000000000101.
Marked 5 switch rules as full_case in process $proc$/home/runner/work/LibreLane-Sky130PDK-ASIC-Toolchain/LibreLane-Sky130PDK-ASIC-Toolchain/designs/final_design/src/final_alu_slice_runtime.v:98$266 in module $paramod\final_alu_slice_runtime\WM=s32'00000000000000000000000000000101.
Marked 22 switch rules as full_case in process $proc$/home/runner/work/LibreLane-Sky130PDK-ASIC-Toolchain/LibreLane-Sky130PDK-ASIC-Toolchain/designs/final_design/src/final_alu_corrector_search.v:193$188 in module $paramod$4189ba8f5f2c2b48a04fc022fed7b1fdd11c3d0e\final_alu_corrector_search_v18.
Marked 6 switch rules as full_case in process $proc$/home/runner/work/LibreLane-Sky130PDK-ASIC-Toolchain/LibreLane-Sky130PDK-ASIC-Toolchain/designs/final_design/src/final_alu_corrector_search.v:131$183 in module $paramod$4189ba8f5f2c2b48a04fc022fed7b1fdd11c3d0e\final_alu_corrector_search_v18.
Marked 6 switch rules as full_case in process $proc$/home/runner/work/LibreLane-Sky130PDK-ASIC-Toolchain/LibreLane-Sky130PDK-ASIC-Toolchain/designs/final_design/src/final_alu_corrector_search.v:118$170 in module $paramod$4189ba8f5f2c2b48a04fc022fed7b1fdd11c3d0e\final_alu_corrector_search_v18.
Marked 1 switch rules as full_case in process $proc$/home/runner/work/LibreLane-Sky130PDK-ASIC-Toolchain/LibreLane-Sky130PDK-ASIC-Toolchain/designs/final_design/src/final_alu_range_check.v:20$149 in module $paramod$a1eea2f2e8d1a342568fc48780b8e97a0b12c301\final_alu_range_check.
Marked 1 switch rules as full_case in process $proc$/home/runner/work/LibreLane-Sky130PDK-ASIC-Toolchain/LibreLane-Sky130PDK-ASIC-Toolchain/designs/final_design/src/final_alu_runtime_top.v:0$143 in module final_alu_runtime_top.
Marked 1 switch rules as full_case in process $proc$/home/runner/work/LibreLane-Sky130PDK-ASIC-Toolchain/LibreLane-Sky130PDK-ASIC-Toolchain/designs/final_design/src/final_alu_runtime_top.v:0$137 in module final_alu_runtime_top.
Marked 1 switch rules as full_case in process $proc$/home/runner/work/LibreLane-Sky130PDK-ASIC-Toolchain/LibreLane-Sky130PDK-ASIC-Toolchain/designs/final_design/src/final_alu_runtime_top.v:0$132 in module final_alu_runtime_top.
Marked 1 switch rules as full_case in process $proc$/home/runner/work/LibreLane-Sky130PDK-ASIC-Toolchain/LibreLane-Sky130PDK-ASIC-Toolchain/designs/final_design/src/final_alu_runtime_top.v:0$127 in module final_alu_runtime_top.
Marked 9 switch rules as full_case in process $proc$/home/runner/work/LibreLane-Sky130PDK-ASIC-Toolchain/LibreLane-Sky130PDK-ASIC-Toolchain/designs/final_design/src/final_alu_runtime_top.v:854$99 in module final_alu_runtime_top.
Marked 1 switch rules as full_case in process $proc$/home/runner/work/LibreLane-Sky130PDK-ASIC-Toolchain/LibreLane-Sky130PDK-ASIC-Toolchain/designs/final_design/src/final_alu_runtime_top.v:846$96 in module final_alu_runtime_top.
Marked 1 switch rules as full_case in process $proc$/home/runner/work/LibreLane-Sky130PDK-ASIC-Toolchain/LibreLane-Sky130PDK-ASIC-Toolchain/designs/final_design/src/final_alu_runtime_top.v:752$85 in module final_alu_runtime_top.
Marked 1 switch rules as full_case in process $proc$/home/runner/work/LibreLane-Sky130PDK-ASIC-Toolchain/LibreLane-Sky130PDK-ASIC-Toolchain/designs/final_design/src/final_alu_runtime_top.v:739$83 in module final_alu_runtime_top.
Removed 1 dead cases from process $proc$/home/runner/work/LibreLane-Sky130PDK-ASIC-Toolchain/LibreLane-Sky130PDK-ASIC-Toolchain/designs/final_design/src/final_alu_runtime_top.v:713$82 in module final_alu_runtime_top.
Marked 1 switch rules as full_case in process $proc$/home/runner/work/LibreLane-Sky130PDK-ASIC-Toolchain/LibreLane-Sky130PDK-ASIC-Toolchain/designs/final_design/src/final_alu_runtime_top.v:713$82 in module final_alu_runtime_top.
Removed a total of 1 dead cases.

14.3. Executing PROC_PRUNE pass (remove redundant assignments in processes).
Removed 13 redundant assignments.
Promoted 63 assignments to connections.

14.4. Executing PROC_INIT pass (extract init attributes).

14.5. Executing PROC_ARST pass (detect async resets in processes).

14.6. Executing PROC_ROM pass (convert switches to ROMs).
Converted 0 switches.
<suppressed ~141 debug messages>

14.7. Executing PROC_MUX pass (convert decision trees to multiplexers).
Creating decoders for process `$paramod\final_alu_cfg_regs\WM=s32'00000000000000000000000000000101.$proc$/home/runner/work/LibreLane-Sky130PDK-ASIC-Toolchain/LibreLane-Sky130PDK-ASIC-Toolchain/designs/final_design/src/final_alu_cfg_regs.v:25$419'.
     1/10: $0\cfg_loaded_reg[0:0]
     2/10: $0\cfg_lock_reg[0:0]
     3/10: $0\correct_en_reg[0:0]
     4/10: $0\detect_en_reg[0:0]
     5/10: $0\m5_reg[4:0]
     6/10: $0\m4_reg[4:0]
     7/10: $0\m3_reg[4:0]
     8/10: $0\m2_reg[4:0]
     9/10: $0\m1_reg[4:0]
    10/10: $0\m0_reg[4:0]
Creating decoders for process `$paramod$9b3939a60ab655ff6b5bd5df57c0bdbbd255081a\final_alu_cfg_checker.$proc$/home/runner/work/LibreLane-Sky130PDK-ASIC-Toolchain/LibreLane-Sky130PDK-ASIC-Toolchain/designs/final_design/src/final_alu_cfg_checker.v:121$403'.
     1/21: $0\done[0:0]
     2/21: $0\subset_acc[19:0]
     3/21: $0\mul_stage[1:0]
     4/21: $0\sl[2:0]
     5/21: $0\sk[2:0]
     6/21: $0\sj[2:0]
     7/21: $0\si[2:0]
     8/21: $0\gcd_b[4:0]
     9/21: $0\gcd_a[4:0]
    10/21: $0\pair_j[2:0]
    11/21: $0\pair_i[2:0]
    12/21: $0\mod_idx[2:0]
    13/21: $0\lm5[4:0]
    14/21: $0\lm4[4:0]
    15/21: $0\lm3[4:0]
    16/21: $0\lm2[4:0]
    17/21: $0\lm1[4:0]
    18/21: $0\lm0[4:0]
    19/21: $0\state[12:0]
    20/21: $0\cfg_error_code[3:0]
    21/21: $0\cfg_ok[0:0]
Creating decoders for process `$paramod$9b3939a60ab655ff6b5bd5df57c0bdbbd255081a\final_alu_cfg_checker.$proc$/home/runner/work/LibreLane-Sky130PDK-ASIC-Toolchain/LibreLane-Sky130PDK-ASIC-Toolchain/designs/final_design/src/final_alu_cfg_checker.v:116$401'.
Creating decoders for process `$paramod$9b3939a60ab655ff6b5bd5df57c0bdbbd255081a\final_alu_cfg_checker.$proc$/home/runner/work/LibreLane-Sky130PDK-ASIC-Toolchain/LibreLane-Sky130PDK-ASIC-Toolchain/designs/final_design/src/final_alu_cfg_checker.v:103$400'.
     1/1: $1\pair_mod_j[4:0]
Creating decoders for process `$paramod$9b3939a60ab655ff6b5bd5df57c0bdbbd255081a\final_alu_cfg_checker.$proc$/home/runner/work/LibreLane-Sky130PDK-ASIC-Toolchain/LibreLane-Sky130PDK-ASIC-Toolchain/designs/final_design/src/final_alu_cfg_checker.v:91$399'.
     1/1: $1\pair_mod_i[4:0]
Creating decoders for process `$paramod$9b3939a60ab655ff6b5bd5df57c0bdbbd255081a\final_alu_cfg_checker.$proc$/home/runner/work/LibreLane-Sky130PDK-ASIC-Toolchain/LibreLane-Sky130PDK-ASIC-Toolchain/designs/final_design/src/final_alu_cfg_checker.v:79$398'.
     1/1: $1\mod_sel[4:0]
Creating decoders for process `$paramod$4189ba8f5f2c2b48a04fc022fed7b1fdd11c3d0e\final_alu_cfg_precompute.$proc$/home/runner/work/LibreLane-Sky130PDK-ASIC-Toolchain/LibreLane-Sky130PDK-ASIC-Toolchain/designs/final_design/src/final_alu_cfg_precompute.v:24$393'.
     1/3: $0\done[0:0]
     2/3: $0\usable_subset_bitmap[14:0]
     3/3: $0\precomp_ok[0:0]
Creating decoders for process `$paramod$a1eea2f2e8d1a342568fc48780b8e97a0b12c301\final_alu_op_range_guard.$proc$/home/runner/work/LibreLane-Sky130PDK-ASIC-Toolchain/LibreLane-Sky130PDK-ASIC-Toolchain/designs/final_design/src/final_alu_op_range_guard.v:88$384'.
     1/8: $0\done[0:0]
     2/8: $0\mul_mcand_big_reg[0:0]
     3/8: $0\mul_count_reg[5:0]
     4/8: $0\mul_mult_reg[20:0]
     5/8: $0\mul_mcand_reg[20:0]
     6/8: $0\mul_acc_reg[20:0]
     7/8: $0\state[5:0]
     8/8: $0\raw_range_error[0:0]
Creating decoders for process `$paramod$3d5933457824fda5c29cfed42e669bf3c7234f6e\final_alu_encoder_runtime.$proc$/home/runner/work/LibreLane-Sky130PDK-ASIC-Toolchain/LibreLane-Sky130PDK-ASIC-Toolchain/designs/final_design/src/final_alu_encoder_runtime.v:73$350'.
     1/17: $0\shift_reg[23:0] [23:12]
     2/17: $0\res_flat[29:0] [24:20]
     3/17: $0\res_flat[29:0] [19:15]
     4/17: $0\res_flat[29:0] [14:10]
     5/17: $0\res_flat[29:0] [9:5]
     6/17: $0\res_flat[29:0] [4:0]
     7/17: $0\res_flat[29:0] [29:25]
     8/17: $0\mag_reg[23:0] [11:0]
     9/17: $0\rem_reg[5:0]
    10/17: $0\modulus_reg[4:0]
    11/17: $0\neg_reg[0:0]
    12/17: $0\mag_reg[23:0] [23:12]
    13/17: $0\done[0:0]
    14/17: $0\bit_count[5:0]
    15/17: $0\state[5:0]
    16/17: $0\shift_reg[23:0] [11:0]
    17/17: $0\lane_idx[2:0]
Creating decoders for process `$paramod$3d5933457824fda5c29cfed42e669bf3c7234f6e\final_alu_encoder_runtime.$proc$/home/runner/work/LibreLane-Sky130PDK-ASIC-Toolchain/LibreLane-Sky130PDK-ASIC-Toolchain/designs/final_design/src/final_alu_encoder_runtime.v:54$342'.
     1/4: $2\residue_next[4:0]
     2/4: $1\residue_next[4:0]
     3/4: $2\rem_next[5:0]
     4/4: $1\rem_next[5:0]
Creating decoders for process `$paramod\final_alu_slice_runtime\WM=s32'00000000000000000000000000000101.$proc$/home/runner/work/LibreLane-Sky130PDK-ASIC-Toolchain/LibreLane-Sky130PDK-ASIC-Toolchain/designs/final_design/src/final_alu_slice_runtime.v:0$323'.
     1/4: $2\mod_add_once$func$/home/runner/work/LibreLane-Sky130PDK-ASIC-Toolchain/LibreLane-Sky130PDK-ASIC-Toolchain/designs/final_design/src/final_alu_slice_runtime.v:96$264.sum1[5:0]$337
     2/4: $1\mod_add_once$func$/home/runner/work/LibreLane-Sky130PDK-ASIC-Toolchain/LibreLane-Sky130PDK-ASIC-Toolchain/designs/final_design/src/final_alu_slice_runtime.v:96$264.$result[4:0]$332
     3/4: $1\mod_add_once$func$/home/runner/work/LibreLane-Sky130PDK-ASIC-Toolchain/LibreLane-Sky130PDK-ASIC-Toolchain/designs/final_design/src/final_alu_slice_runtime.v:96$264.sum1[5:0]$334
     4/4: $1\mod_add_once$func$/home/runner/work/LibreLane-Sky130PDK-ASIC-Toolchain/LibreLane-Sky130PDK-ASIC-Toolchain/designs/final_design/src/final_alu_slice_runtime.v:96$264.sum0[5:0]$333
Creating decoders for process `$paramod\final_alu_slice_runtime\WM=s32'00000000000000000000000000000101.$proc$/home/runner/work/LibreLane-Sky130PDK-ASIC-Toolchain/LibreLane-Sky130PDK-ASIC-Toolchain/designs/final_design/src/final_alu_slice_runtime.v:0$307'.
     1/4: $2\mod_add_once$func$/home/runner/work/LibreLane-Sky130PDK-ASIC-Toolchain/LibreLane-Sky130PDK-ASIC-Toolchain/designs/final_design/src/final_alu_slice_runtime.v:95$263.sum1[5:0]$321
     2/4: $1\mod_add_once$func$/home/runner/work/LibreLane-Sky130PDK-ASIC-Toolchain/LibreLane-Sky130PDK-ASIC-Toolchain/designs/final_design/src/final_alu_slice_runtime.v:95$263.$result[4:0]$316
     3/4: $1\mod_add_once$func$/home/runner/work/LibreLane-Sky130PDK-ASIC-Toolchain/LibreLane-Sky130PDK-ASIC-Toolchain/designs/final_design/src/final_alu_slice_runtime.v:95$263.sum1[5:0]$318
     4/4: $1\mod_add_once$func$/home/runner/work/LibreLane-Sky130PDK-ASIC-Toolchain/LibreLane-Sky130PDK-ASIC-Toolchain/designs/final_design/src/final_alu_slice_runtime.v:95$263.sum0[5:0]$317
Creating decoders for process `$paramod\final_alu_slice_runtime\WM=s32'00000000000000000000000000000101.$proc$/home/runner/work/LibreLane-Sky130PDK-ASIC-Toolchain/LibreLane-Sky130PDK-ASIC-Toolchain/designs/final_design/src/final_alu_slice_runtime.v:0$291'.
     1/4: $2\mod_sub_once$func$/home/runner/work/LibreLane-Sky130PDK-ASIC-Toolchain/LibreLane-Sky130PDK-ASIC-Toolchain/designs/final_design/src/final_alu_slice_runtime.v:94$262.$result[4:0]$302
     2/4: $2\mod_sub_once$func$/home/runner/work/LibreLane-Sky130PDK-ASIC-Toolchain/LibreLane-Sky130PDK-ASIC-Toolchain/designs/final_design/src/final_alu_slice_runtime.v:94$262.diff[5:0]$303
     3/4: $1\mod_sub_once$func$/home/runner/work/LibreLane-Sky130PDK-ASIC-Toolchain/LibreLane-Sky130PDK-ASIC-Toolchain/designs/final_design/src/final_alu_slice_runtime.v:94$262.$result[4:0]$299
     4/4: $1\mod_sub_once$func$/home/runner/work/LibreLane-Sky130PDK-ASIC-Toolchain/LibreLane-Sky130PDK-ASIC-Toolchain/designs/final_design/src/final_alu_slice_runtime.v:94$262.diff[5:0]$300
Creating decoders for process `$paramod\final_alu_slice_runtime\WM=s32'00000000000000000000000000000101.$proc$/home/runner/work/LibreLane-Sky130PDK-ASIC-Toolchain/LibreLane-Sky130PDK-ASIC-Toolchain/designs/final_design/src/final_alu_slice_runtime.v:0$275'.
     1/4: $2\mod_add_once$func$/home/runner/work/LibreLane-Sky130PDK-ASIC-Toolchain/LibreLane-Sky130PDK-ASIC-Toolchain/designs/final_design/src/final_alu_slice_runtime.v:93$261.sum1[5:0]$289
     2/4: $1\mod_add_once$func$/home/runner/work/LibreLane-Sky130PDK-ASIC-Toolchain/LibreLane-Sky130PDK-ASIC-Toolchain/designs/final_design/src/final_alu_slice_runtime.v:93$261.$result[4:0]$284
     3/4: $1\mod_add_once$func$/home/runner/work/LibreLane-Sky130PDK-ASIC-Toolchain/LibreLane-Sky130PDK-ASIC-Toolchain/designs/final_design/src/final_alu_slice_runtime.v:93$261.sum1[5:0]$286
     4/4: $1\mod_add_once$func$/home/runner/work/LibreLane-Sky130PDK-ASIC-Toolchain/LibreLane-Sky130PDK-ASIC-Toolchain/designs/final_design/src/final_alu_slice_runtime.v:93$261.sum0[5:0]$285
Creating decoders for process `$paramod\final_alu_slice_runtime\WM=s32'00000000000000000000000000000101.$proc$/home/runner/work/LibreLane-Sky130PDK-ASIC-Toolchain/LibreLane-Sky130PDK-ASIC-Toolchain/designs/final_design/src/final_alu_slice_runtime.v:139$271'.
     1/9: $0\bit_count[2:0]
     2/9: $0\mult_reg[4:0]
     3/9: $0\mcand_reg[4:0]
     4/9: $0\acc_reg[4:0]
     5/9: $0\mod_reg[4:0]
     6/9: $0\b_reg[4:0]
     7/9: $0\a_reg[4:0]
     8/9: $0\op_reg[1:0]
     9/9: $0\z_res[4:0]
Creating decoders for process `$paramod\final_alu_slice_runtime\WM=s32'00000000000000000000000000000101.$proc$/home/runner/work/LibreLane-Sky130PDK-ASIC-Toolchain/LibreLane-Sky130PDK-ASIC-Toolchain/designs/final_design/src/final_alu_slice_runtime.v:98$266'.
     1/2: $0\done[0:0]
     2/2: $0\state[3:0]
Creating decoders for process `$paramod$4189ba8f5f2c2b48a04fc022fed7b1fdd11c3d0e\final_alu_corrector_search_v18.$proc$/home/runner/work/LibreLane-Sky130PDK-ASIC-Toolchain/LibreLane-Sky130PDK-ASIC-Toolchain/designs/final_design/src/final_alu_corrector_search.v:193$188'.
     1/31: $0\final_corrected_candidate_base_q[19:0]
     2/31: $0\final_mismatch_count_q[2:0]
     3/31: $0\final_mismatch_mask_q[5:0]
     4/31: $0\final_corrected_lane_mask_q[5:0]
     5/31: $0\final_uncorrectable_q[0:0]
     6/31: $0\final_corrected_success_q[0:0]
     7/31: $0\final_residue_error_q[0:0]
     8/31: $0\base_count[2:0]
     9/31: $0\base_mask[5:0]
    10/31: $0\base_candidate[19:0]
    11/31: $0\base_found[0:0]
    12/31: $0\half_hit5_q[0:0]
    13/31: $0\half_hit4_q[0:0]
    14/31: $0\half_hit3_q[0:0]
    15/31: $0\half_hit2_q[0:0]
    16/31: $0\half_hit1_q[0:0]
    17/31: $0\half_hit0_q[0:0]
    18/31: $0\p5[4:0]
    19/31: $0\p4[4:0]
    20/31: $0\p3[4:0]
    21/31: $0\p2[4:0]
    22/31: $0\p1[4:0]
    23/31: $0\p0[4:0]
    24/31: $0\cand[19:0]
    25/31: $0\corrected_candidate_base[19:0]
    26/31: $0\mismatch_count_out[2:0]
    27/31: $0\mismatch_mask_out[5:0]
    28/31: $0\corrected_lane_mask[5:0]
    29/31: $0\uncorrectable[0:0]
    30/31: $0\corrected_success[0:0]
    31/31: $0\residue_error[0:0]
Creating decoders for process `$paramod$4189ba8f5f2c2b48a04fc022fed7b1fdd11c3d0e\final_alu_corrector_search_v18.$proc$/home/runner/work/LibreLane-Sky130PDK-ASIC-Toolchain/LibreLane-Sky130PDK-ASIC-Toolchain/designs/final_design/src/final_alu_corrector_search.v:131$183'.
     1/2: $0\done[0:0]
     2/2: $0\state[7:0]
Creating decoders for process `$paramod$4189ba8f5f2c2b48a04fc022fed7b1fdd11c3d0e\final_alu_corrector_search_v18.$proc$/home/runner/work/LibreLane-Sky130PDK-ASIC-Toolchain/LibreLane-Sky130PDK-ASIC-Toolchain/designs/final_design/src/final_alu_corrector_search.v:118$170'.
     1/12: $6\cmp_count[2:0]
     2/12: $6\cmp_mask[5:5]
     3/12: $5\cmp_count[2:0]
     4/12: $5\cmp_mask[4:4]
     5/12: $4\cmp_count[2:0]
     6/12: $4\cmp_mask[3:3]
     7/12: $3\cmp_count[2:0]
     8/12: $3\cmp_mask[2:2]
     9/12: $2\cmp_count[2:0]
    10/12: $2\cmp_mask[1:1]
    11/12: $1\cmp_count[2:0]
    12/12: $1\cmp_mask[0:0]
Creating decoders for process `$paramod$a1eea2f2e8d1a342568fc48780b8e97a0b12c301\final_alu_range_check.$proc$/home/runner/work/LibreLane-Sky130PDK-ASIC-Toolchain/LibreLane-Sky130PDK-ASIC-Toolchain/designs/final_design/src/final_alu_range_check.v:20$149'.
     1/1: $1\centered_temp[20:0]
Creating decoders for process `\final_alu_runtime_top.$proc$/home/runner/work/LibreLane-Sky130PDK-ASIC-Toolchain/LibreLane-Sky130PDK-ASIC-Toolchain/designs/final_design/src/final_alu_runtime_top.v:0$143'.
     1/1: $1\get_flat_oh$func$/home/runner/work/LibreLane-Sky130PDK-ASIC-Toolchain/LibreLane-Sky130PDK-ASIC-Toolchain/designs/final_design/src/final_alu_runtime_top.v:698$8.$result[4:0]$148
Creating decoders for process `\final_alu_runtime_top.$proc$/home/runner/work/LibreLane-Sky130PDK-ASIC-Toolchain/LibreLane-Sky130PDK-ASIC-Toolchain/designs/final_design/src/final_alu_runtime_top.v:0$137'.
     1/1: $1\get_flat_oh$func$/home/runner/work/LibreLane-Sky130PDK-ASIC-Toolchain/LibreLane-Sky130PDK-ASIC-Toolchain/designs/final_design/src/final_alu_runtime_top.v:697$7.$result[4:0]$142
Creating decoders for process `\final_alu_runtime_top.$proc$/home/runner/work/LibreLane-Sky130PDK-ASIC-Toolchain/LibreLane-Sky130PDK-ASIC-Toolchain/designs/final_design/src/final_alu_runtime_top.v:0$132'.
     1/1: $1\get_mod_oh$func$/home/runner/work/LibreLane-Sky130PDK-ASIC-Toolchain/LibreLane-Sky130PDK-ASIC-Toolchain/designs/final_design/src/final_alu_runtime_top.v:696$6.$result[4:0]$136
Creating decoders for process `\final_alu_runtime_top.$proc$/home/runner/work/LibreLane-Sky130PDK-ASIC-Toolchain/LibreLane-Sky130PDK-ASIC-Toolchain/designs/final_design/src/final_alu_runtime_top.v:0$127'.
     1/1: $1\lane_oh_next$func$/home/runner/work/LibreLane-Sky130PDK-ASIC-Toolchain/LibreLane-Sky130PDK-ASIC-Toolchain/designs/final_design/src/final_alu_runtime_top.v:695$5.$result[5:0]$131
Creating decoders for process `\final_alu_runtime_top.$proc$/home/runner/work/LibreLane-Sky130PDK-ASIC-Toolchain/LibreLane-Sky130PDK-ASIC-Toolchain/designs/final_design/src/final_alu_runtime_top.v:854$99'.
     1/102: $0\corrector_candidate_base_hold[19:0] [19:14]
     2/102: $0\corrector_candidate_base_hold[19:0] [13:7]
     3/102: $0\corrector_candidate_base_hold[19:0] [6:0]
     4/102: $0\b_res_flat_reg[29:0] [24:20]
     5/102: $0\b_res_flat_reg[29:0] [19:10]
     6/102: $0\b_res_flat_reg[29:0] [9:0]
     7/102: $0\a_res_flat_reg[29:0] [19:10]
     8/102: $0\a_res_flat_reg[29:0] [9:0]
     9/102: $0\enc_operand_reg[23:0] [11:0]
    10/102: $0\op_half_range_hold[19:0] [9:0]
    11/102: $0\op_M_base_hold[19:0] [9:0]
    12/102: $0\csr_half_range_read_reg[19:0] [9:0]
    13/102: $0\csr_M_base_read_reg[19:0] [9:0]
    14/102: $0\Corrected[0:0]
    15/102: $0\Done[0:0]
    16/102: $0\final_range_start_reg[0:0]
    17/102: $0\op_range_start_reg[0:0]
    18/102: $0\corrector_start_reg[0:0]
    19/102: $0\slice_start_reg[0:0]
    20/102: $0\enc_start_reg[0:0]
    21/102: $0\precomp_start_reg[0:0]
    22/102: $0\checker_start_reg[0:0]
    23/102: $0\x_out_core_reg[23:0]
    24/102: $0\corr_m0_bit4_corrector_reg[0:0]
    25/102: $0\corr_m0_bit3_corrector_reg[0:0]
    26/102: $0\corrector_mismatch_count_hold[2:0]
    27/102: $0\corrector_mismatch_mask_hold[5:0]
    28/102: $0\corrector_lane_mask_hold[5:0]
    29/102: $0\corrector_uncorrectable_hold[0:0]
    30/102: $0\corrector_corrected_success_hold[0:0]
    31/102: $0\corrector_residue_error_hold[0:0]
    32/102: $0\b_res_flat_reg[29:0] [29:25]
    33/102: $0\z5_reg[4:0]
    34/102: $0\z4_reg[4:0]
    35/102: $0\z3_reg[4:0]
    36/102: $0\z2_reg[4:0]
    37/102: $0\z1_reg[4:0]
    38/102: $0\z0_reg[4:0]
    39/102: $0\raw_range_error_reg[0:0]
    40/102: $0\op_half_range_hold[19:0] [19:10]
    41/102: $0\op_sel_reg[1:0]
    42/102: $0\slice_m_reg[4:0]
    43/102: $0\slice_b_reg[4:0]
    44/102: $0\slice_a_bit0_launch_reg[0:0]
    45/102: $0\slice_a_reg[4:0]
    46/102: $0\slice_z_res_bit3_store_reg[0:0]
    47/102: $0\slice_z_res_bit2_store_reg[0:0]
    48/102: $0\slice_z_res_bit0_store_reg[0:0]
    49/102: $0\slice_z_res_hold[4:0]
    50/102: $0\a_res_flat_reg[29:0] [29:20]
    51/102: $0\enc_operand_reg[23:0] [23:12]
    52/102: $0\enc_select_b_reg[0:0]
    53/102: $0\last_corrected_lane_mask_reg[5:0]
    54/102: $0\last_mismatch_count_reg[2:0]
    55/102: $0\last_mismatch_mask_reg[5:0]
    56/102: $0\uncorrectable_reg[0:0]
    57/102: $0\valid_reg[0:0]
    58/102: $0\corrected_reg[0:0]
    59/102: $0\error_detected_reg[0:0]
    60/102: $0\op_busy_reg[0:0]
    61/102: $0\op_M_base_hold[19:0] [19:10]
    62/102: $0\csr_half_range_read_reg[19:0] [19:10]
    63/102: $0\csr_bitmap_read_reg[14:0]
    64/102: $0\csr_M_base_read_reg[19:0] [19:10]
    65/102: $0\X_out[23:0]
    66/102: $0\csr_m5_read_reg[4:0]
    67/102: $0\csr_m4_read_reg[4:0]
    68/102: $0\csr_m3_read_reg[4:0]
    69/102: $0\csr_m2_read_reg[4:0]
    70/102: $0\csr_m1_read_reg[4:0]
    71/102: $0\csr_m0_read_reg[4:0]
    72/102: $0\config_error_code_reg[3:0]
    73/102: $0\config_error_reg[0:0]
    74/102: $0\config_busy_pad_reg[0:0]
    75/102: $0\config_busy_reg[0:0]
    76/102: $0\config_valid_reg[0:0]
    77/102: $0\corr_m5_cfg[4:0]
    78/102: $0\corr_m4_cfg[4:0]
    79/102: $0\corr_m3_cfg[4:0]
    80/102: $0\corr_m2_cfg[4:0]
    81/102: $0\corr_m1_cfg[4:0]
    82/102: $0\corr_m0_cfg[4:0]
    83/102: $0\slice_m5_cfg[4:0]
    84/102: $0\slice_m4_cfg[4:0]
    85/102: $0\slice_m3_cfg[4:0]
    86/102: $0\slice_m2_cfg[4:0]
    87/102: $0\slice_m1_cfg[4:0]
    88/102: $0\slice_m0_cfg[4:0]
    89/102: $0\enc_m5_cfg[4:0]
    90/102: $0\enc_m4_cfg[4:0]
    91/102: $0\enc_m3_cfg[4:0]
    92/102: $0\enc_m2_cfg[4:0]
    93/102: $0\enc_m1_cfg[4:0]
    94/102: $0\enc_m0_cfg[4:0]
    95/102: $0\slice_b_lane_oh[5:0]
    96/102: $0\slice_a_lane_oh[5:0]
    97/102: $0\slice_m_lane_oh[5:0]
    98/102: $0\op_lane_oh[5:0]
    99/102: $0\lane_idx[2:0]
   100/102: $0\op_state_dbg[3:0]
   101/102: $0\cfg_state_dbg[2:0]
   102/102: $0\main_state[53:0]
Creating decoders for process `\final_alu_runtime_top.$proc$/home/runner/work/LibreLane-Sky130PDK-ASIC-Toolchain/LibreLane-Sky130PDK-ASIC-Toolchain/designs/final_design/src/final_alu_runtime_top.v:846$96'.
     1/1: $0\top_init_done_reg[0:0]
Creating decoders for process `\final_alu_runtime_top.$proc$/home/runner/work/LibreLane-Sky130PDK-ASIC-Toolchain/LibreLane-Sky130PDK-ASIC-Toolchain/designs/final_design/src/final_alu_runtime_top.v:835$95'.
     1/1: $0\B_reg[23:20]
Creating decoders for process `\final_alu_runtime_top.$proc$/home/runner/work/LibreLane-Sky130PDK-ASIC-Toolchain/LibreLane-Sky130PDK-ASIC-Toolchain/designs/final_design/src/final_alu_runtime_top.v:829$94'.
     1/1: $0\B_reg[19:16]
Creating decoders for process `\final_alu_runtime_top.$proc$/home/runner/work/LibreLane-Sky130PDK-ASIC-Toolchain/LibreLane-Sky130PDK-ASIC-Toolchain/designs/final_design/src/final_alu_runtime_top.v:823$93'.
     1/1: $0\B_reg[15:8]
Creating decoders for process `\final_alu_runtime_top.$proc$/home/runner/work/LibreLane-Sky130PDK-ASIC-Toolchain/LibreLane-Sky130PDK-ASIC-Toolchain/designs/final_design/src/final_alu_runtime_top.v:815$92'.
     1/3: $0\B_bit4_enc_reg[0:0]
     2/3: $0\B_bit5_enc_reg[0:0]
     3/3: $0\B_reg[7:0]
Creating decoders for process `\final_alu_runtime_top.$proc$/home/runner/work/LibreLane-Sky130PDK-ASIC-Toolchain/LibreLane-Sky130PDK-ASIC-Toolchain/designs/final_design/src/final_alu_runtime_top.v:809$91'.
     1/1: $0\A_reg[23:20]
Creating decoders for process `\final_alu_runtime_top.$proc$/home/runner/work/LibreLane-Sky130PDK-ASIC-Toolchain/LibreLane-Sky130PDK-ASIC-Toolchain/designs/final_design/src/final_alu_runtime_top.v:803$90'.
     1/1: $0\A_reg[19:16]
Creating decoders for process `\final_alu_runtime_top.$proc$/home/runner/work/LibreLane-Sky130PDK-ASIC-Toolchain/LibreLane-Sky130PDK-ASIC-Toolchain/designs/final_design/src/final_alu_runtime_top.v:797$89'.
     1/1: $0\A_reg[15:8]
Creating decoders for process `\final_alu_runtime_top.$proc$/home/runner/work/LibreLane-Sky130PDK-ASIC-Toolchain/LibreLane-Sky130PDK-ASIC-Toolchain/designs/final_design/src/final_alu_runtime_top.v:789$88'.
     1/3: $0\A_bit4_enc_reg[0:0]
     2/3: $0\A_bit5_enc_reg[0:0]
     3/3: $0\A_reg[7:0]
Creating decoders for process `\final_alu_runtime_top.$proc$/home/runner/work/LibreLane-Sky130PDK-ASIC-Toolchain/LibreLane-Sky130PDK-ASIC-Toolchain/designs/final_design/src/final_alu_runtime_top.v:783$87'.
     1/1: $0\op_sel_slice_reg[1:0]
Creating decoders for process `\final_alu_runtime_top.$proc$/home/runner/work/LibreLane-Sky130PDK-ASIC-Toolchain/LibreLane-Sky130PDK-ASIC-Toolchain/designs/final_design/src/final_alu_runtime_top.v:752$85'.
     1/7: $0\rst_corrector_n[0:0]
     2/7: $0\rst_slice_n[0:0]
     3/7: $0\rst_encoder_n[0:0]
     4/7: $0\rst_precomp_n[0:0]
     5/7: $0\rst_cfgchk_n[0:0]
     6/7: $0\rst_cfgregs_n[0:0]
     7/7: $0\rst_main_n[0:0]
Creating decoders for process `\final_alu_runtime_top.$proc$/home/runner/work/LibreLane-Sky130PDK-ASIC-Toolchain/LibreLane-Sky130PDK-ASIC-Toolchain/designs/final_design/src/final_alu_runtime_top.v:739$83'.
     1/2: $0\cfg_addr_read_reg[3:0]
     2/2: $0\cfg_rdata[31:0]
Creating decoders for process `\final_alu_runtime_top.$proc$/home/runner/work/LibreLane-Sky130PDK-ASIC-Toolchain/LibreLane-Sky130PDK-ASIC-Toolchain/designs/final_design/src/final_alu_runtime_top.v:713$82'.
     1/1: $1\cfg_rdata_mux[31:0]

14.8. Executing PROC_DLATCH pass (convert process syncs to latches).
No latch inferred for signal `$paramod$9b3939a60ab655ff6b5bd5df57c0bdbbd255081a\final_alu_cfg_checker.\pair_mod_j' from process `$paramod$9b3939a60ab655ff6b5bd5df57c0bdbbd255081a\final_alu_cfg_checker.$proc$/home/runner/work/LibreLane-Sky130PDK-ASIC-Toolchain/LibreLane-Sky130PDK-ASIC-Toolchain/designs/final_design/src/final_alu_cfg_checker.v:103$400'.
No latch inferred for signal `$paramod$9b3939a60ab655ff6b5bd5df57c0bdbbd255081a\final_alu_cfg_checker.\pair_mod_i' from process `$paramod$9b3939a60ab655ff6b5bd5df57c0bdbbd255081a\final_alu_cfg_checker.$proc$/home/runner/work/LibreLane-Sky130PDK-ASIC-Toolchain/LibreLane-Sky130PDK-ASIC-Toolchain/designs/final_design/src/final_alu_cfg_checker.v:91$399'.
No latch inferred for signal `$paramod$9b3939a60ab655ff6b5bd5df57c0bdbbd255081a\final_alu_cfg_checker.\mod_sel' from process `$paramod$9b3939a60ab655ff6b5bd5df57c0bdbbd255081a\final_alu_cfg_checker.$proc$/home/runner/work/LibreLane-Sky130PDK-ASIC-Toolchain/LibreLane-Sky130PDK-ASIC-Toolchain/designs/final_design/src/final_alu_cfg_checker.v:79$398'.
No latch inferred for signal `$paramod$3d5933457824fda5c29cfed42e669bf3c7234f6e\final_alu_encoder_runtime.\rem_shift' from process `$paramod$3d5933457824fda5c29cfed42e669bf3c7234f6e\final_alu_encoder_runtime.$proc$/home/runner/work/LibreLane-Sky130PDK-ASIC-Toolchain/LibreLane-Sky130PDK-ASIC-Toolchain/designs/final_design/src/final_alu_encoder_runtime.v:54$342'.
No latch inferred for signal `$paramod$3d5933457824fda5c29cfed42e669bf3c7234f6e\final_alu_encoder_runtime.\rem_next' from process `$paramod$3d5933457824fda5c29cfed42e669bf3c7234f6e\final_alu_encoder_runtime.$proc$/home/runner/work/LibreLane-Sky130PDK-ASIC-Toolchain/LibreLane-Sky130PDK-ASIC-Toolchain/designs/final_design/src/final_alu_encoder_runtime.v:54$342'.
No latch inferred for signal `$paramod$3d5933457824fda5c29cfed42e669bf3c7234f6e\final_alu_encoder_runtime.\residue_next' from process `$paramod$3d5933457824fda5c29cfed42e669bf3c7234f6e\final_alu_encoder_runtime.$proc$/home/runner/work/LibreLane-Sky130PDK-ASIC-Toolchain/LibreLane-Sky130PDK-ASIC-Toolchain/designs/final_design/src/final_alu_encoder_runtime.v:54$342'.
No latch inferred for signal `$paramod\final_alu_slice_runtime\WM=s32'00000000000000000000000000000101.\mod_add_once$func$/home/runner/work/LibreLane-Sky130PDK-ASIC-Toolchain/LibreLane-Sky130PDK-ASIC-Toolchain/designs/final_design/src/final_alu_slice_runtime.v:96$260.$result' from process `$paramod\final_alu_slice_runtime\WM=s32'00000000000000000000000000000101.$proc$/home/runner/work/LibreLane-Sky130PDK-ASIC-Toolchain/LibreLane-Sky130PDK-ASIC-Toolchain/designs/final_design/src/final_alu_slice_runtime.v:0$323'.
No latch inferred for signal `$paramod\final_alu_slice_runtime\WM=s32'00000000000000000000000000000101.\mod_add_once$func$/home/runner/work/LibreLane-Sky130PDK-ASIC-Toolchain/LibreLane-Sky130PDK-ASIC-Toolchain/designs/final_design/src/final_alu_slice_runtime.v:96$264.$result' from process `$paramod\final_alu_slice_runtime\WM=s32'00000000000000000000000000000101.$proc$/home/runner/work/LibreLane-Sky130PDK-ASIC-Toolchain/LibreLane-Sky130PDK-ASIC-Toolchain/designs/final_design/src/final_alu_slice_runtime.v:0$323'.
No latch inferred for signal `$paramod\final_alu_slice_runtime\WM=s32'00000000000000000000000000000101.\mod_add_once$func$/home/runner/work/LibreLane-Sky130PDK-ASIC-Toolchain/LibreLane-Sky130PDK-ASIC-Toolchain/designs/final_design/src/final_alu_slice_runtime.v:96$264.x' from process `$paramod\final_alu_slice_runtime\WM=s32'00000000000000000000000000000101.$proc$/home/runner/work/LibreLane-Sky130PDK-ASIC-Toolchain/LibreLane-Sky130PDK-ASIC-Toolchain/designs/final_design/src/final_alu_slice_runtime.v:0$323'.
No latch inferred for signal `$paramod\final_alu_slice_runtime\WM=s32'00000000000000000000000000000101.\mod_add_once$func$/home/runner/work/LibreLane-Sky130PDK-ASIC-Toolchain/LibreLane-Sky130PDK-ASIC-Toolchain/designs/final_design/src/final_alu_slice_runtime.v:96$264.y' from process `$paramod\final_alu_slice_runtime\WM=s32'00000000000000000000000000000101.$proc$/home/runner/work/LibreLane-Sky130PDK-ASIC-Toolchain/LibreLane-Sky130PDK-ASIC-Toolchain/designs/final_design/src/final_alu_slice_runtime.v:0$323'.
No latch inferred for signal `$paramod\final_alu_slice_runtime\WM=s32'00000000000000000000000000000101.\mod_add_once$func$/home/runner/work/LibreLane-Sky130PDK-ASIC-Toolchain/LibreLane-Sky130PDK-ASIC-Toolchain/designs/final_design/src/final_alu_slice_runtime.v:96$264.m' from process `$paramod\final_alu_slice_runtime\WM=s32'00000000000000000000000000000101.$proc$/home/runner/work/LibreLane-Sky130PDK-ASIC-Toolchain/LibreLane-Sky130PDK-ASIC-Toolchain/designs/final_design/src/final_alu_slice_runtime.v:0$323'.
No latch inferred for signal `$paramod\final_alu_slice_runtime\WM=s32'00000000000000000000000000000101.\mod_add_once$func$/home/runner/work/LibreLane-Sky130PDK-ASIC-Toolchain/LibreLane-Sky130PDK-ASIC-Toolchain/designs/final_design/src/final_alu_slice_runtime.v:96$264.sum0' from process `$paramod\final_alu_slice_runtime\WM=s32'00000000000000000000000000000101.$proc$/home/runner/work/LibreLane-Sky130PDK-ASIC-Toolchain/LibreLane-Sky130PDK-ASIC-Toolchain/designs/final_design/src/final_alu_slice_runtime.v:0$323'.
No latch inferred for signal `$paramod\final_alu_slice_runtime\WM=s32'00000000000000000000000000000101.\mod_add_once$func$/home/runner/work/LibreLane-Sky130PDK-ASIC-Toolchain/LibreLane-Sky130PDK-ASIC-Toolchain/designs/final_design/src/final_alu_slice_runtime.v:96$264.sum1' from process `$paramod\final_alu_slice_runtime\WM=s32'00000000000000000000000000000101.$proc$/home/runner/work/LibreLane-Sky130PDK-ASIC-Toolchain/LibreLane-Sky130PDK-ASIC-Toolchain/designs/final_design/src/final_alu_slice_runtime.v:0$323'.
No latch inferred for signal `$paramod\final_alu_slice_runtime\WM=s32'00000000000000000000000000000101.\mod_add_once$func$/home/runner/work/LibreLane-Sky130PDK-ASIC-Toolchain/LibreLane-Sky130PDK-ASIC-Toolchain/designs/final_design/src/final_alu_slice_runtime.v:95$259.$result' from process `$paramod\final_alu_slice_runtime\WM=s32'00000000000000000000000000000101.$proc$/home/runner/work/LibreLane-Sky130PDK-ASIC-Toolchain/LibreLane-Sky130PDK-ASIC-Toolchain/designs/final_design/src/final_alu_slice_runtime.v:0$307'.
No latch inferred for signal `$paramod\final_alu_slice_runtime\WM=s32'00000000000000000000000000000101.\mod_add_once$func$/home/runner/work/LibreLane-Sky130PDK-ASIC-Toolchain/LibreLane-Sky130PDK-ASIC-Toolchain/designs/final_design/src/final_alu_slice_runtime.v:95$263.$result' from process `$paramod\final_alu_slice_runtime\WM=s32'00000000000000000000000000000101.$proc$/home/runner/work/LibreLane-Sky130PDK-ASIC-Toolchain/LibreLane-Sky130PDK-ASIC-Toolchain/designs/final_design/src/final_alu_slice_runtime.v:0$307'.
No latch inferred for signal `$paramod\final_alu_slice_runtime\WM=s32'00000000000000000000000000000101.\mod_add_once$func$/home/runner/work/LibreLane-Sky130PDK-ASIC-Toolchain/LibreLane-Sky130PDK-ASIC-Toolchain/designs/final_design/src/final_alu_slice_runtime.v:95$263.x' from process `$paramod\final_alu_slice_runtime\WM=s32'00000000000000000000000000000101.$proc$/home/runner/work/LibreLane-Sky130PDK-ASIC-Toolchain/LibreLane-Sky130PDK-ASIC-Toolchain/designs/final_design/src/final_alu_slice_runtime.v:0$307'.
No latch inferred for signal `$paramod\final_alu_slice_runtime\WM=s32'00000000000000000000000000000101.\mod_add_once$func$/home/runner/work/LibreLane-Sky130PDK-ASIC-Toolchain/LibreLane-Sky130PDK-ASIC-Toolchain/designs/final_design/src/final_alu_slice_runtime.v:95$263.y' from process `$paramod\final_alu_slice_runtime\WM=s32'00000000000000000000000000000101.$proc$/home/runner/work/LibreLane-Sky130PDK-ASIC-Toolchain/LibreLane-Sky130PDK-ASIC-Toolchain/designs/final_design/src/final_alu_slice_runtime.v:0$307'.
No latch inferred for signal `$paramod\final_alu_slice_runtime\WM=s32'00000000000000000000000000000101.\mod_add_once$func$/home/runner/work/LibreLane-Sky130PDK-ASIC-Toolchain/LibreLane-Sky130PDK-ASIC-Toolchain/designs/final_design/src/final_alu_slice_runtime.v:95$263.m' from process `$paramod\final_alu_slice_runtime\WM=s32'00000000000000000000000000000101.$proc$/home/runner/work/LibreLane-Sky130PDK-ASIC-Toolchain/LibreLane-Sky130PDK-ASIC-Toolchain/designs/final_design/src/final_alu_slice_runtime.v:0$307'.
No latch inferred for signal `$paramod\final_alu_slice_runtime\WM=s32'00000000000000000000000000000101.\mod_add_once$func$/home/runner/work/LibreLane-Sky130PDK-ASIC-Toolchain/LibreLane-Sky130PDK-ASIC-Toolchain/designs/final_design/src/final_alu_slice_runtime.v:95$263.sum0' from process `$paramod\final_alu_slice_runtime\WM=s32'00000000000000000000000000000101.$proc$/home/runner/work/LibreLane-Sky130PDK-ASIC-Toolchain/LibreLane-Sky130PDK-ASIC-Toolchain/designs/final_design/src/final_alu_slice_runtime.v:0$307'.
No latch inferred for signal `$paramod\final_alu_slice_runtime\WM=s32'00000000000000000000000000000101.\mod_add_once$func$/home/runner/work/LibreLane-Sky130PDK-ASIC-Toolchain/LibreLane-Sky130PDK-ASIC-Toolchain/designs/final_design/src/final_alu_slice_runtime.v:95$263.sum1' from process `$paramod\final_alu_slice_runtime\WM=s32'00000000000000000000000000000101.$proc$/home/runner/work/LibreLane-Sky130PDK-ASIC-Toolchain/LibreLane-Sky130PDK-ASIC-Toolchain/designs/final_design/src/final_alu_slice_runtime.v:0$307'.
No latch inferred for signal `$paramod\final_alu_slice_runtime\WM=s32'00000000000000000000000000000101.\mod_sub_once$func$/home/runner/work/LibreLane-Sky130PDK-ASIC-Toolchain/LibreLane-Sky130PDK-ASIC-Toolchain/designs/final_design/src/final_alu_slice_runtime.v:94$258.$result' from process `$paramod\final_alu_slice_runtime\WM=s32'00000000000000000000000000000101.$proc$/home/runner/work/LibreLane-Sky130PDK-ASIC-Toolchain/LibreLane-Sky130PDK-ASIC-Toolchain/designs/final_design/src/final_alu_slice_runtime.v:0$291'.
No latch inferred for signal `$paramod\final_alu_slice_runtime\WM=s32'00000000000000000000000000000101.\mod_sub_once$func$/home/runner/work/LibreLane-Sky130PDK-ASIC-Toolchain/LibreLane-Sky130PDK-ASIC-Toolchain/designs/final_design/src/final_alu_slice_runtime.v:94$262.$result' from process `$paramod\final_alu_slice_runtime\WM=s32'00000000000000000000000000000101.$proc$/home/runner/work/LibreLane-Sky130PDK-ASIC-Toolchain/LibreLane-Sky130PDK-ASIC-Toolchain/designs/final_design/src/final_alu_slice_runtime.v:0$291'.
No latch inferred for signal `$paramod\final_alu_slice_runtime\WM=s32'00000000000000000000000000000101.\mod_sub_once$func$/home/runner/work/LibreLane-Sky130PDK-ASIC-Toolchain/LibreLane-Sky130PDK-ASIC-Toolchain/designs/final_design/src/final_alu_slice_runtime.v:94$262.x' from process `$paramod\final_alu_slice_runtime\WM=s32'00000000000000000000000000000101.$proc$/home/runner/work/LibreLane-Sky130PDK-ASIC-Toolchain/LibreLane-Sky130PDK-ASIC-Toolchain/designs/final_design/src/final_alu_slice_runtime.v:0$291'.
No latch inferred for signal `$paramod\final_alu_slice_runtime\WM=s32'00000000000000000000000000000101.\mod_sub_once$func$/home/runner/work/LibreLane-Sky130PDK-ASIC-Toolchain/LibreLane-Sky130PDK-ASIC-Toolchain/designs/final_design/src/final_alu_slice_runtime.v:94$262.y' from process `$paramod\final_alu_slice_runtime\WM=s32'00000000000000000000000000000101.$proc$/home/runner/work/LibreLane-Sky130PDK-ASIC-Toolchain/LibreLane-Sky130PDK-ASIC-Toolchain/designs/final_design/src/final_alu_slice_runtime.v:0$291'.
No latch inferred for signal `$paramod\final_alu_slice_runtime\WM=s32'00000000000000000000000000000101.\mod_sub_once$func$/home/runner/work/LibreLane-Sky130PDK-ASIC-Toolchain/LibreLane-Sky130PDK-ASIC-Toolchain/designs/final_design/src/final_alu_slice_runtime.v:94$262.m' from process `$paramod\final_alu_slice_runtime\WM=s32'00000000000000000000000000000101.$proc$/home/runner/work/LibreLane-Sky130PDK-ASIC-Toolchain/LibreLane-Sky130PDK-ASIC-Toolchain/designs/final_design/src/final_alu_slice_runtime.v:0$291'.
No latch inferred for signal `$paramod\final_alu_slice_runtime\WM=s32'00000000000000000000000000000101.\mod_sub_once$func$/home/runner/work/LibreLane-Sky130PDK-ASIC-Toolchain/LibreLane-Sky130PDK-ASIC-Toolchain/designs/final_design/src/final_alu_slice_runtime.v:94$262.diff' from process `$paramod\final_alu_slice_runtime\WM=s32'00000000000000000000000000000101.$proc$/home/runner/work/LibreLane-Sky130PDK-ASIC-Toolchain/LibreLane-Sky130PDK-ASIC-Toolchain/designs/final_design/src/final_alu_slice_runtime.v:0$291'.
No latch inferred for signal `$paramod\final_alu_slice_runtime\WM=s32'00000000000000000000000000000101.\mod_add_once$func$/home/runner/work/LibreLane-Sky130PDK-ASIC-Toolchain/LibreLane-Sky130PDK-ASIC-Toolchain/designs/final_design/src/final_alu_slice_runtime.v:93$257.$result' from process `$paramod\final_alu_slice_runtime\WM=s32'00000000000000000000000000000101.$proc$/home/runner/work/LibreLane-Sky130PDK-ASIC-Toolchain/LibreLane-Sky130PDK-ASIC-Toolchain/designs/final_design/src/final_alu_slice_runtime.v:0$275'.
No latch inferred for signal `$paramod\final_alu_slice_runtime\WM=s32'00000000000000000000000000000101.\mod_add_once$func$/home/runner/work/LibreLane-Sky130PDK-ASIC-Toolchain/LibreLane-Sky130PDK-ASIC-Toolchain/designs/final_design/src/final_alu_slice_runtime.v:93$261.$result' from process `$paramod\final_alu_slice_runtime\WM=s32'00000000000000000000000000000101.$proc$/home/runner/work/LibreLane-Sky130PDK-ASIC-Toolchain/LibreLane-Sky130PDK-ASIC-Toolchain/designs/final_design/src/final_alu_slice_runtime.v:0$275'.
No latch inferred for signal `$paramod\final_alu_slice_runtime\WM=s32'00000000000000000000000000000101.\mod_add_once$func$/home/runner/work/LibreLane-Sky130PDK-ASIC-Toolchain/LibreLane-Sky130PDK-ASIC-Toolchain/designs/final_design/src/final_alu_slice_runtime.v:93$261.x' from process `$paramod\final_alu_slice_runtime\WM=s32'00000000000000000000000000000101.$proc$/home/runner/work/LibreLane-Sky130PDK-ASIC-Toolchain/LibreLane-Sky130PDK-ASIC-Toolchain/designs/final_design/src/final_alu_slice_runtime.v:0$275'.
No latch inferred for signal `$paramod\final_alu_slice_runtime\WM=s32'00000000000000000000000000000101.\mod_add_once$func$/home/runner/work/LibreLane-Sky130PDK-ASIC-Toolchain/LibreLane-Sky130PDK-ASIC-Toolchain/designs/final_design/src/final_alu_slice_runtime.v:93$261.y' from process `$paramod\final_alu_slice_runtime\WM=s32'00000000000000000000000000000101.$proc$/home/runner/work/LibreLane-Sky130PDK-ASIC-Toolchain/LibreLane-Sky130PDK-ASIC-Toolchain/designs/final_design/src/final_alu_slice_runtime.v:0$275'.
No latch inferred for signal `$paramod\final_alu_slice_runtime\WM=s32'00000000000000000000000000000101.\mod_add_once$func$/home/runner/work/LibreLane-Sky130PDK-ASIC-Toolchain/LibreLane-Sky130PDK-ASIC-Toolchain/designs/final_design/src/final_alu_slice_runtime.v:93$261.m' from process `$paramod\final_alu_slice_runtime\WM=s32'00000000000000000000000000000101.$proc$/home/runner/work/LibreLane-Sky130PDK-ASIC-Toolchain/LibreLane-Sky130PDK-ASIC-Toolchain/designs/final_design/src/final_alu_slice_runtime.v:0$275'.
No latch inferred for signal `$paramod\final_alu_slice_runtime\WM=s32'00000000000000000000000000000101.\mod_add_once$func$/home/runner/work/LibreLane-Sky130PDK-ASIC-Toolchain/LibreLane-Sky130PDK-ASIC-Toolchain/designs/final_design/src/final_alu_slice_runtime.v:93$261.sum0' from process `$paramod\final_alu_slice_runtime\WM=s32'00000000000000000000000000000101.$proc$/home/runner/work/LibreLane-Sky130PDK-ASIC-Toolchain/LibreLane-Sky130PDK-ASIC-Toolchain/designs/final_design/src/final_alu_slice_runtime.v:0$275'.
No latch inferred for signal `$paramod\final_alu_slice_runtime\WM=s32'00000000000000000000000000000101.\mod_add_once$func$/home/runner/work/LibreLane-Sky130PDK-ASIC-Toolchain/LibreLane-Sky130PDK-ASIC-Toolchain/designs/final_design/src/final_alu_slice_runtime.v:93$261.sum1' from process `$paramod\final_alu_slice_runtime\WM=s32'00000000000000000000000000000101.$proc$/home/runner/work/LibreLane-Sky130PDK-ASIC-Toolchain/LibreLane-Sky130PDK-ASIC-Toolchain/designs/final_design/src/final_alu_slice_runtime.v:0$275'.
No latch inferred for signal `$paramod$4189ba8f5f2c2b48a04fc022fed7b1fdd11c3d0e\final_alu_corrector_search_v18.\cmp_mask' from process `$paramod$4189ba8f5f2c2b48a04fc022fed7b1fdd11c3d0e\final_alu_corrector_search_v18.$proc$/home/runner/work/LibreLane-Sky130PDK-ASIC-Toolchain/LibreLane-Sky130PDK-ASIC-Toolchain/designs/final_design/src/final_alu_corrector_search.v:118$170'.
No latch inferred for signal `$paramod$4189ba8f5f2c2b48a04fc022fed7b1fdd11c3d0e\final_alu_corrector_search_v18.\cmp_count' from process `$paramod$4189ba8f5f2c2b48a04fc022fed7b1fdd11c3d0e\final_alu_corrector_search_v18.$proc$/home/runner/work/LibreLane-Sky130PDK-ASIC-Toolchain/LibreLane-Sky130PDK-ASIC-Toolchain/designs/final_design/src/final_alu_corrector_search.v:118$170'.
No latch inferred for signal `$paramod$a1eea2f2e8d1a342568fc48780b8e97a0b12c301\final_alu_range_check.\range_error' from process `$paramod$a1eea2f2e8d1a342568fc48780b8e97a0b12c301\final_alu_range_check.$proc$/home/runner/work/LibreLane-Sky130PDK-ASIC-Toolchain/LibreLane-Sky130PDK-ASIC-Toolchain/designs/final_design/src/final_alu_range_check.v:20$149'.
No latch inferred for signal `$paramod$a1eea2f2e8d1a342568fc48780b8e97a0b12c301\final_alu_range_check.\x_centered' from process `$paramod$a1eea2f2e8d1a342568fc48780b8e97a0b12c301\final_alu_range_check.$proc$/home/runner/work/LibreLane-Sky130PDK-ASIC-Toolchain/LibreLane-Sky130PDK-ASIC-Toolchain/designs/final_design/src/final_alu_range_check.v:20$149'.
No latch inferred for signal `$paramod$a1eea2f2e8d1a342568fc48780b8e97a0b12c301\final_alu_range_check.\centered_temp' from process `$paramod$a1eea2f2e8d1a342568fc48780b8e97a0b12c301\final_alu_range_check.$proc$/home/runner/work/LibreLane-Sky130PDK-ASIC-Toolchain/LibreLane-Sky130PDK-ASIC-Toolchain/designs/final_design/src/final_alu_range_check.v:20$149'.
No latch inferred for signal `$paramod$a1eea2f2e8d1a342568fc48780b8e97a0b12c301\final_alu_range_check.\centered_ext' from process `$paramod$a1eea2f2e8d1a342568fc48780b8e97a0b12c301\final_alu_range_check.$proc$/home/runner/work/LibreLane-Sky130PDK-ASIC-Toolchain/LibreLane-Sky130PDK-ASIC-Toolchain/designs/final_design/src/final_alu_range_check.v:20$149'.
No latch inferred for signal `\final_alu_runtime_top.\get_flat_oh$func$/home/runner/work/LibreLane-Sky130PDK-ASIC-Toolchain/LibreLane-Sky130PDK-ASIC-Toolchain/designs/final_design/src/final_alu_runtime_top.v:698$4.$result' from process `\final_alu_runtime_top.$proc$/home/runner/work/LibreLane-Sky130PDK-ASIC-Toolchain/LibreLane-Sky130PDK-ASIC-Toolchain/designs/final_design/src/final_alu_runtime_top.v:0$143'.
No latch inferred for signal `\final_alu_runtime_top.\get_flat_oh$func$/home/runner/work/LibreLane-Sky130PDK-ASIC-Toolchain/LibreLane-Sky130PDK-ASIC-Toolchain/designs/final_design/src/final_alu_runtime_top.v:698$8.$result' from process `\final_alu_runtime_top.$proc$/home/runner/work/LibreLane-Sky130PDK-ASIC-Toolchain/LibreLane-Sky130PDK-ASIC-Toolchain/designs/final_design/src/final_alu_runtime_top.v:0$143'.
No latch inferred for signal `\final_alu_runtime_top.\get_flat_oh$func$/home/runner/work/LibreLane-Sky130PDK-ASIC-Toolchain/LibreLane-Sky130PDK-ASIC-Toolchain/designs/final_design/src/final_alu_runtime_top.v:698$8.flat' from process `\final_alu_runtime_top.$proc$/home/runner/work/LibreLane-Sky130PDK-ASIC-Toolchain/LibreLane-Sky130PDK-ASIC-Toolchain/designs/final_design/src/final_alu_runtime_top.v:0$143'.
No latch inferred for signal `\final_alu_runtime_top.\get_flat_oh$func$/home/runner/work/LibreLane-Sky130PDK-ASIC-Toolchain/LibreLane-Sky130PDK-ASIC-Toolchain/designs/final_design/src/final_alu_runtime_top.v:698$8.oh' from process `\final_alu_runtime_top.$proc$/home/runner/work/LibreLane-Sky130PDK-ASIC-Toolchain/LibreLane-Sky130PDK-ASIC-Toolchain/designs/final_design/src/final_alu_runtime_top.v:0$143'.
No latch inferred for signal `\final_alu_runtime_top.\get_flat_oh$func$/home/runner/work/LibreLane-Sky130PDK-ASIC-Toolchain/LibreLane-Sky130PDK-ASIC-Toolchain/designs/final_design/src/final_alu_runtime_top.v:697$3.$result' from process `\final_alu_runtime_top.$proc$/home/runner/work/LibreLane-Sky130PDK-ASIC-Toolchain/LibreLane-Sky130PDK-ASIC-Toolchain/designs/final_design/src/final_alu_runtime_top.v:0$137'.
No latch inferred for signal `\final_alu_runtime_top.\get_flat_oh$func$/home/runner/work/LibreLane-Sky130PDK-ASIC-Toolchain/LibreLane-Sky130PDK-ASIC-Toolchain/designs/final_design/src/final_alu_runtime_top.v:697$7.$result' from process `\final_alu_runtime_top.$proc$/home/runner/work/LibreLane-Sky130PDK-ASIC-Toolchain/LibreLane-Sky130PDK-ASIC-Toolchain/designs/final_design/src/final_alu_runtime_top.v:0$137'.
No latch inferred for signal `\final_alu_runtime_top.\get_flat_oh$func$/home/runner/work/LibreLane-Sky130PDK-ASIC-Toolchain/LibreLane-Sky130PDK-ASIC-Toolchain/designs/final_design/src/final_alu_runtime_top.v:697$7.flat' from process `\final_alu_runtime_top.$proc$/home/runner/work/LibreLane-Sky130PDK-ASIC-Toolchain/LibreLane-Sky130PDK-ASIC-Toolchain/designs/final_design/src/final_alu_runtime_top.v:0$137'.
No latch inferred for signal `\final_alu_runtime_top.\get_flat_oh$func$/home/runner/work/LibreLane-Sky130PDK-ASIC-Toolchain/LibreLane-Sky130PDK-ASIC-Toolchain/designs/final_design/src/final_alu_runtime_top.v:697$7.oh' from process `\final_alu_runtime_top.$proc$/home/runner/work/LibreLane-Sky130PDK-ASIC-Toolchain/LibreLane-Sky130PDK-ASIC-Toolchain/designs/final_design/src/final_alu_runtime_top.v:0$137'.
No latch inferred for signal `\final_alu_runtime_top.\get_mod_oh$func$/home/runner/work/LibreLane-Sky130PDK-ASIC-Toolchain/LibreLane-Sky130PDK-ASIC-Toolchain/designs/final_design/src/final_alu_runtime_top.v:696$2.$result' from process `\final_alu_runtime_top.$proc$/home/runner/work/LibreLane-Sky130PDK-ASIC-Toolchain/LibreLane-Sky130PDK-ASIC-Toolchain/designs/final_design/src/final_alu_runtime_top.v:0$132'.
No latch inferred for signal `\final_alu_runtime_top.\get_mod_oh$func$/home/runner/work/LibreLane-Sky130PDK-ASIC-Toolchain/LibreLane-Sky130PDK-ASIC-Toolchain/designs/final_design/src/final_alu_runtime_top.v:696$6.$result' from process `\final_alu_runtime_top.$proc$/home/runner/work/LibreLane-Sky130PDK-ASIC-Toolchain/LibreLane-Sky130PDK-ASIC-Toolchain/designs/final_design/src/final_alu_runtime_top.v:0$132'.
No latch inferred for signal `\final_alu_runtime_top.\get_mod_oh$func$/home/runner/work/LibreLane-Sky130PDK-ASIC-Toolchain/LibreLane-Sky130PDK-ASIC-Toolchain/designs/final_design/src/final_alu_runtime_top.v:696$6.oh' from process `\final_alu_runtime_top.$proc$/home/runner/work/LibreLane-Sky130PDK-ASIC-Toolchain/LibreLane-Sky130PDK-ASIC-Toolchain/designs/final_design/src/final_alu_runtime_top.v:0$132'.
No latch inferred for signal `\final_alu_runtime_top.\lane_oh_next$func$/home/runner/work/LibreLane-Sky130PDK-ASIC-Toolchain/LibreLane-Sky130PDK-ASIC-Toolchain/designs/final_design/src/final_alu_runtime_top.v:695$1.$result' from process `\final_alu_runtime_top.$proc$/home/runner/work/LibreLane-Sky130PDK-ASIC-Toolchain/LibreLane-Sky130PDK-ASIC-Toolchain/designs/final_design/src/final_alu_runtime_top.v:0$127'.
No latch inferred for signal `\final_alu_runtime_top.\lane_oh_next$func$/home/runner/work/LibreLane-Sky130PDK-ASIC-Toolchain/LibreLane-Sky130PDK-ASIC-Toolchain/designs/final_design/src/final_alu_runtime_top.v:695$5.$result' from process `\final_alu_runtime_top.$proc$/home/runner/work/LibreLane-Sky130PDK-ASIC-Toolchain/LibreLane-Sky130PDK-ASIC-Toolchain/designs/final_design/src/final_alu_runtime_top.v:0$127'.
No latch inferred for signal `\final_alu_runtime_top.\lane_oh_next$func$/home/runner/work/LibreLane-Sky130PDK-ASIC-Toolchain/LibreLane-Sky130PDK-ASIC-Toolchain/designs/final_design/src/final_alu_runtime_top.v:695$5.oh' from process `\final_alu_runtime_top.$proc$/home/runner/work/LibreLane-Sky130PDK-ASIC-Toolchain/LibreLane-Sky130PDK-ASIC-Toolchain/designs/final_design/src/final_alu_runtime_top.v:0$127'.
No latch inferred for signal `\final_alu_runtime_top.\cfg_rdata_mux' from process `\final_alu_runtime_top.$proc$/home/runner/work/LibreLane-Sky130PDK-ASIC-Toolchain/LibreLane-Sky130PDK-ASIC-Toolchain/designs/final_design/src/final_alu_runtime_top.v:713$82'.

14.9. Executing PROC_DFF pass (convert process syncs to FFs).
Creating register for signal `$paramod\final_alu_cfg_regs\WM=s32'00000000000000000000000000000101.\m0_reg' using process `$paramod\final_alu_cfg_regs\WM=s32'00000000000000000000000000000101.$proc$/home/runner/work/LibreLane-Sky130PDK-ASIC-Toolchain/LibreLane-Sky130PDK-ASIC-Toolchain/designs/final_design/src/final_alu_cfg_regs.v:25$419'.
  created $dff cell `$procdff$5617' with positive edge clock.
Creating register for signal `$paramod\final_alu_cfg_regs\WM=s32'00000000000000000000000000000101.\m1_reg' using process `$paramod\final_alu_cfg_regs\WM=s32'00000000000000000000000000000101.$proc$/home/runner/work/LibreLane-Sky130PDK-ASIC-Toolchain/LibreLane-Sky130PDK-ASIC-Toolchain/designs/final_design/src/final_alu_cfg_regs.v:25$419'.
  created $dff cell `$procdff$5618' with positive edge clock.
Creating register for signal `$paramod\final_alu_cfg_regs\WM=s32'00000000000000000000000000000101.\m2_reg' using process `$paramod\final_alu_cfg_regs\WM=s32'00000000000000000000000000000101.$proc$/home/runner/work/LibreLane-Sky130PDK-ASIC-Toolchain/LibreLane-Sky130PDK-ASIC-Toolchain/designs/final_design/src/final_alu_cfg_regs.v:25$419'.
  created $dff cell `$procdff$5619' with positive edge clock.
Creating register for signal `$paramod\final_alu_cfg_regs\WM=s32'00000000000000000000000000000101.\m3_reg' using process `$paramod\final_alu_cfg_regs\WM=s32'00000000000000000000000000000101.$proc$/home/runner/work/LibreLane-Sky130PDK-ASIC-Toolchain/LibreLane-Sky130PDK-ASIC-Toolchain/designs/final_design/src/final_alu_cfg_regs.v:25$419'.
  created $dff cell `$procdff$5620' with positive edge clock.
Creating register for signal `$paramod\final_alu_cfg_regs\WM=s32'00000000000000000000000000000101.\m4_reg' using process `$paramod\final_alu_cfg_regs\WM=s32'00000000000000000000000000000101.$proc$/home/runner/work/LibreLane-Sky130PDK-ASIC-Toolchain/LibreLane-Sky130PDK-ASIC-Toolchain/designs/final_design/src/final_alu_cfg_regs.v:25$419'.
  created $dff cell `$procdff$5621' with positive edge clock.
Creating register for signal `$paramod\final_alu_cfg_regs\WM=s32'00000000000000000000000000000101.\m5_reg' using process `$paramod\final_alu_cfg_regs\WM=s32'00000000000000000000000000000101.$proc$/home/runner/work/LibreLane-Sky130PDK-ASIC-Toolchain/LibreLane-Sky130PDK-ASIC-Toolchain/designs/final_design/src/final_alu_cfg_regs.v:25$419'.
  created $dff cell `$procdff$5622' with positive edge clock.
Creating register for signal `$paramod\final_alu_cfg_regs\WM=s32'00000000000000000000000000000101.\detect_en_reg' using process `$paramod\final_alu_cfg_regs\WM=s32'00000000000000000000000000000101.$proc$/home/runner/work/LibreLane-Sky130PDK-ASIC-Toolchain/LibreLane-Sky130PDK-ASIC-Toolchain/designs/final_design/src/final_alu_cfg_regs.v:25$419'.
  created $dff cell `$procdff$5623' with positive edge clock.
Creating register for signal `$paramod\final_alu_cfg_regs\WM=s32'00000000000000000000000000000101.\correct_en_reg' using process `$paramod\final_alu_cfg_regs\WM=s32'00000000000000000000000000000101.$proc$/home/runner/work/LibreLane-Sky130PDK-ASIC-Toolchain/LibreLane-Sky130PDK-ASIC-Toolchain/designs/final_design/src/final_alu_cfg_regs.v:25$419'.
  created $dff cell `$procdff$5624' with positive edge clock.
Creating register for signal `$paramod\final_alu_cfg_regs\WM=s32'00000000000000000000000000000101.\cfg_lock_reg' using process `$paramod\final_alu_cfg_regs\WM=s32'00000000000000000000000000000101.$proc$/home/runner/work/LibreLane-Sky130PDK-ASIC-Toolchain/LibreLane-Sky130PDK-ASIC-Toolchain/designs/final_design/src/final_alu_cfg_regs.v:25$419'.
  created $dff cell `$procdff$5625' with positive edge clock.
Creating register for signal `$paramod\final_alu_cfg_regs\WM=s32'00000000000000000000000000000101.\cfg_loaded_reg' using process `$paramod\final_alu_cfg_regs\WM=s32'00000000000000000000000000000101.$proc$/home/runner/work/LibreLane-Sky130PDK-ASIC-Toolchain/LibreLane-Sky130PDK-ASIC-Toolchain/designs/final_design/src/final_alu_cfg_regs.v:25$419'.
  created $dff cell `$procdff$5626' with positive edge clock.
Creating register for signal `$paramod$9b3939a60ab655ff6b5bd5df57c0bdbbd255081a\final_alu_cfg_checker.\done' using process `$paramod$9b3939a60ab655ff6b5bd5df57c0bdbbd255081a\final_alu_cfg_checker.$proc$/home/runner/work/LibreLane-Sky130PDK-ASIC-Toolchain/LibreLane-Sky130PDK-ASIC-Toolchain/designs/final_design/src/final_alu_cfg_checker.v:121$403'.
  created $dff cell `$procdff$5627' with positive edge clock.
Creating register for signal `$paramod$9b3939a60ab655ff6b5bd5df57c0bdbbd255081a\final_alu_cfg_checker.\cfg_ok' using process `$paramod$9b3939a60ab655ff6b5bd5df57c0bdbbd255081a\final_alu_cfg_checker.$proc$/home/runner/work/LibreLane-Sky130PDK-ASIC-Toolchain/LibreLane-Sky130PDK-ASIC-Toolchain/designs/final_design/src/final_alu_cfg_checker.v:121$403'.
  created $dff cell `$procdff$5628' with positive edge clock.
Creating register for signal `$paramod$9b3939a60ab655ff6b5bd5df57c0bdbbd255081a\final_alu_cfg_checker.\cfg_error_code' using process `$paramod$9b3939a60ab655ff6b5bd5df57c0bdbbd255081a\final_alu_cfg_checker.$proc$/home/runner/work/LibreLane-Sky130PDK-ASIC-Toolchain/LibreLane-Sky130PDK-ASIC-Toolchain/designs/final_design/src/final_alu_cfg_checker.v:121$403'.
  created $dff cell `$procdff$5629' with positive edge clock.
Creating register for signal `$paramod$9b3939a60ab655ff6b5bd5df57c0bdbbd255081a\final_alu_cfg_checker.\state' using process `$paramod$9b3939a60ab655ff6b5bd5df57c0bdbbd255081a\final_alu_cfg_checker.$proc$/home/runner/work/LibreLane-Sky130PDK-ASIC-Toolchain/LibreLane-Sky130PDK-ASIC-Toolchain/designs/final_design/src/final_alu_cfg_checker.v:121$403'.
  created $dff cell `$procdff$5630' with positive edge clock.
Creating register for signal `$paramod$9b3939a60ab655ff6b5bd5df57c0bdbbd255081a\final_alu_cfg_checker.\lm0' using process `$paramod$9b3939a60ab655ff6b5bd5df57c0bdbbd255081a\final_alu_cfg_checker.$proc$/home/runner/work/LibreLane-Sky130PDK-ASIC-Toolchain/LibreLane-Sky130PDK-ASIC-Toolchain/designs/final_design/src/final_alu_cfg_checker.v:121$403'.
  created $dff cell `$procdff$5631' with positive edge clock.
Creating register for signal `$paramod$9b3939a60ab655ff6b5bd5df57c0bdbbd255081a\final_alu_cfg_checker.\lm1' using process `$paramod$9b3939a60ab655ff6b5bd5df57c0bdbbd255081a\final_alu_cfg_checker.$proc$/home/runner/work/LibreLane-Sky130PDK-ASIC-Toolchain/LibreLane-Sky130PDK-ASIC-Toolchain/designs/final_design/src/final_alu_cfg_checker.v:121$403'.
  created $dff cell `$procdff$5632' with positive edge clock.
Creating register for signal `$paramod$9b3939a60ab655ff6b5bd5df57c0bdbbd255081a\final_alu_cfg_checker.\lm2' using process `$paramod$9b3939a60ab655ff6b5bd5df57c0bdbbd255081a\final_alu_cfg_checker.$proc$/home/runner/work/LibreLane-Sky130PDK-ASIC-Toolchain/LibreLane-Sky130PDK-ASIC-Toolchain/designs/final_design/src/final_alu_cfg_checker.v:121$403'.
  created $dff cell `$procdff$5633' with positive edge clock.
Creating register for signal `$paramod$9b3939a60ab655ff6b5bd5df57c0bdbbd255081a\final_alu_cfg_checker.\lm3' using process `$paramod$9b3939a60ab655ff6b5bd5df57c0bdbbd255081a\final_alu_cfg_checker.$proc$/home/runner/work/LibreLane-Sky130PDK-ASIC-Toolchain/LibreLane-Sky130PDK-ASIC-Toolchain/designs/final_design/src/final_alu_cfg_checker.v:121$403'.
  created $dff cell `$procdff$5634' with positive edge clock.
Creating register for signal `$paramod$9b3939a60ab655ff6b5bd5df57c0bdbbd255081a\final_alu_cfg_checker.\lm4' using process `$paramod$9b3939a60ab655ff6b5bd5df57c0bdbbd255081a\final_alu_cfg_checker.$proc$/home/runner/work/LibreLane-Sky130PDK-ASIC-Toolchain/LibreLane-Sky130PDK-ASIC-Toolchain/designs/final_design/src/final_alu_cfg_checker.v:121$403'.
  created $dff cell `$procdff$5635' with positive edge clock.
Creating register for signal `$paramod$9b3939a60ab655ff6b5bd5df57c0bdbbd255081a\final_alu_cfg_checker.\lm5' using process `$paramod$9b3939a60ab655ff6b5bd5df57c0bdbbd255081a\final_alu_cfg_checker.$proc$/home/runner/work/LibreLane-Sky130PDK-ASIC-Toolchain/LibreLane-Sky130PDK-ASIC-Toolchain/designs/final_design/src/final_alu_cfg_checker.v:121$403'.
  created $dff cell `$procdff$5636' with positive edge clock.
Creating register for signal `$paramod$9b3939a60ab655ff6b5bd5df57c0bdbbd255081a\final_alu_cfg_checker.\mod_idx' using process `$paramod$9b3939a60ab655ff6b5bd5df57c0bdbbd255081a\final_alu_cfg_checker.$proc$/home/runner/work/LibreLane-Sky130PDK-ASIC-Toolchain/LibreLane-Sky130PDK-ASIC-Toolchain/designs/final_design/src/final_alu_cfg_checker.v:121$403'.
  created $dff cell `$procdff$5637' with positive edge clock.
Creating register for signal `$paramod$9b3939a60ab655ff6b5bd5df57c0bdbbd255081a\final_alu_cfg_checker.\pair_i' using process `$paramod$9b3939a60ab655ff6b5bd5df57c0bdbbd255081a\final_alu_cfg_checker.$proc$/home/runner/work/LibreLane-Sky130PDK-ASIC-Toolchain/LibreLane-Sky130PDK-ASIC-Toolchain/designs/final_design/src/final_alu_cfg_checker.v:121$403'.
  created $dff cell `$procdff$5638' with positive edge clock.
Creating register for signal `$paramod$9b3939a60ab655ff6b5bd5df57c0bdbbd255081a\final_alu_cfg_checker.\pair_j' using process `$paramod$9b3939a60ab655ff6b5bd5df57c0bdbbd255081a\final_alu_cfg_checker.$proc$/home/runner/work/LibreLane-Sky130PDK-ASIC-Toolchain/LibreLane-Sky130PDK-ASIC-Toolchain/designs/final_design/src/final_alu_cfg_checker.v:121$403'.
  created $dff cell `$procdff$5639' with positive edge clock.
Creating register for signal `$paramod$9b3939a60ab655ff6b5bd5df57c0bdbbd255081a\final_alu_cfg_checker.\gcd_a' using process `$paramod$9b3939a60ab655ff6b5bd5df57c0bdbbd255081a\final_alu_cfg_checker.$proc$/home/runner/work/LibreLane-Sky130PDK-ASIC-Toolchain/LibreLane-Sky130PDK-ASIC-Toolchain/designs/final_design/src/final_alu_cfg_checker.v:121$403'.
  created $dff cell `$procdff$5640' with positive edge clock.
Creating register for signal `$paramod$9b3939a60ab655ff6b5bd5df57c0bdbbd255081a\final_alu_cfg_checker.\gcd_b' using process `$paramod$9b3939a60ab655ff6b5bd5df57c0bdbbd255081a\final_alu_cfg_checker.$proc$/home/runner/work/LibreLane-Sky130PDK-ASIC-Toolchain/LibreLane-Sky130PDK-ASIC-Toolchain/designs/final_design/src/final_alu_cfg_checker.v:121$403'.
  created $dff cell `$procdff$5641' with positive edge clock.
Creating register for signal `$paramod$9b3939a60ab655ff6b5bd5df57c0bdbbd255081a\final_alu_cfg_checker.\si' using process `$paramod$9b3939a60ab655ff6b5bd5df57c0bdbbd255081a\final_alu_cfg_checker.$proc$/home/runner/work/LibreLane-Sky130PDK-ASIC-Toolchain/LibreLane-Sky130PDK-ASIC-Toolchain/designs/final_design/src/final_alu_cfg_checker.v:121$403'.
  created $dff cell `$procdff$5642' with positive edge clock.
Creating register for signal `$paramod$9b3939a60ab655ff6b5bd5df57c0bdbbd255081a\final_alu_cfg_checker.\sj' using process `$paramod$9b3939a60ab655ff6b5bd5df57c0bdbbd255081a\final_alu_cfg_checker.$proc$/home/runner/work/LibreLane-Sky130PDK-ASIC-Toolchain/LibreLane-Sky130PDK-ASIC-Toolchain/designs/final_design/src/final_alu_cfg_checker.v:121$403'.
  created $dff cell `$procdff$5643' with positive edge clock.
Creating register for signal `$paramod$9b3939a60ab655ff6b5bd5df57c0bdbbd255081a\final_alu_cfg_checker.\sk' using process `$paramod$9b3939a60ab655ff6b5bd5df57c0bdbbd255081a\final_alu_cfg_checker.$proc$/home/runner/work/LibreLane-Sky130PDK-ASIC-Toolchain/LibreLane-Sky130PDK-ASIC-Toolchain/designs/final_design/src/final_alu_cfg_checker.v:121$403'.
  created $dff cell `$procdff$5644' with positive edge clock.
Creating register for signal `$paramod$9b3939a60ab655ff6b5bd5df57c0bdbbd255081a\final_alu_cfg_checker.\sl' using process `$paramod$9b3939a60ab655ff6b5bd5df57c0bdbbd255081a\final_alu_cfg_checker.$proc$/home/runner/work/LibreLane-Sky130PDK-ASIC-Toolchain/LibreLane-Sky130PDK-ASIC-Toolchain/designs/final_design/src/final_alu_cfg_checker.v:121$403'.
  created $dff cell `$procdff$5645' with positive edge clock.
Creating register for signal `$paramod$9b3939a60ab655ff6b5bd5df57c0bdbbd255081a\final_alu_cfg_checker.\mul_stage' using process `$paramod$9b3939a60ab655ff6b5bd5df57c0bdbbd255081a\final_alu_cfg_checker.$proc$/home/runner/work/LibreLane-Sky130PDK-ASIC-Toolchain/LibreLane-Sky130PDK-ASIC-Toolchain/designs/final_design/src/final_alu_cfg_checker.v:121$403'.
  created $dff cell `$procdff$5646' with positive edge clock.
Creating register for signal `$paramod$9b3939a60ab655ff6b5bd5df57c0bdbbd255081a\final_alu_cfg_checker.\subset_acc' using process `$paramod$9b3939a60ab655ff6b5bd5df57c0bdbbd255081a\final_alu_cfg_checker.$proc$/home/runner/work/LibreLane-Sky130PDK-ASIC-Toolchain/LibreLane-Sky130PDK-ASIC-Toolchain/designs/final_design/src/final_alu_cfg_checker.v:121$403'.
  created $dff cell `$procdff$5647' with positive edge clock.
Creating register for signal `$paramod$9b3939a60ab655ff6b5bd5df57c0bdbbd255081a\final_alu_cfg_checker.\M_base' using process `$paramod$9b3939a60ab655ff6b5bd5df57c0bdbbd255081a\final_alu_cfg_checker.$proc$/home/runner/work/LibreLane-Sky130PDK-ASIC-Toolchain/LibreLane-Sky130PDK-ASIC-Toolchain/designs/final_design/src/final_alu_cfg_checker.v:116$401'.
  created $dff cell `$procdff$5648' with positive edge clock.
Creating register for signal `$paramod$9b3939a60ab655ff6b5bd5df57c0bdbbd255081a\final_alu_cfg_checker.\half_range' using process `$paramod$9b3939a60ab655ff6b5bd5df57c0bdbbd255081a\final_alu_cfg_checker.$proc$/home/runner/work/LibreLane-Sky130PDK-ASIC-Toolchain/LibreLane-Sky130PDK-ASIC-Toolchain/designs/final_design/src/final_alu_cfg_checker.v:116$401'.
  created $dff cell `$procdff$5649' with positive edge clock.
Creating register for signal `$paramod$4189ba8f5f2c2b48a04fc022fed7b1fdd11c3d0e\final_alu_cfg_precompute.\precomp_ok' using process `$paramod$4189ba8f5f2c2b48a04fc022fed7b1fdd11c3d0e\final_alu_cfg_precompute.$proc$/home/runner/work/LibreLane-Sky130PDK-ASIC-Toolchain/LibreLane-Sky130PDK-ASIC-Toolchain/designs/final_design/src/final_alu_cfg_precompute.v:24$393'.
  created $dff cell `$procdff$5650' with positive edge clock.
Creating register for signal `$paramod$4189ba8f5f2c2b48a04fc022fed7b1fdd11c3d0e\final_alu_cfg_precompute.\done' using process `$paramod$4189ba8f5f2c2b48a04fc022fed7b1fdd11c3d0e\final_alu_cfg_precompute.$proc$/home/runner/work/LibreLane-Sky130PDK-ASIC-Toolchain/LibreLane-Sky130PDK-ASIC-Toolchain/designs/final_design/src/final_alu_cfg_precompute.v:24$393'.
  created $dff cell `$procdff$5651' with positive edge clock.
Creating register for signal `$paramod$4189ba8f5f2c2b48a04fc022fed7b1fdd11c3d0e\final_alu_cfg_precompute.\usable_subset_bitmap' using process `$paramod$4189ba8f5f2c2b48a04fc022fed7b1fdd11c3d0e\final_alu_cfg_precompute.$proc$/home/runner/work/LibreLane-Sky130PDK-ASIC-Toolchain/LibreLane-Sky130PDK-ASIC-Toolchain/designs/final_design/src/final_alu_cfg_precompute.v:24$393'.
  created $dff cell `$procdff$5652' with positive edge clock.
Creating register for signal `$paramod$a1eea2f2e8d1a342568fc48780b8e97a0b12c301\final_alu_op_range_guard.\done' using process `$paramod$a1eea2f2e8d1a342568fc48780b8e97a0b12c301\final_alu_op_range_guard.$proc$/home/runner/work/LibreLane-Sky130PDK-ASIC-Toolchain/LibreLane-Sky130PDK-ASIC-Toolchain/designs/final_design/src/final_alu_op_range_guard.v:88$384'.
  created $dff cell `$procdff$5653' with positive edge clock.
Creating register for signal `$paramod$a1eea2f2e8d1a342568fc48780b8e97a0b12c301\final_alu_op_range_guard.\raw_range_error' using process `$paramod$a1eea2f2e8d1a342568fc48780b8e97a0b12c301\final_alu_op_range_guard.$proc$/home/runner/work/LibreLane-Sky130PDK-ASIC-Toolchain/LibreLane-Sky130PDK-ASIC-Toolchain/designs/final_design/src/final_alu_op_range_guard.v:88$384'.
  created $dff cell `$procdff$5654' with positive edge clock.
Creating register for signal `$paramod$a1eea2f2e8d1a342568fc48780b8e97a0b12c301\final_alu_op_range_guard.\state' using process `$paramod$a1eea2f2e8d1a342568fc48780b8e97a0b12c301\final_alu_op_range_guard.$proc$/home/runner/work/LibreLane-Sky130PDK-ASIC-Toolchain/LibreLane-Sky130PDK-ASIC-Toolchain/designs/final_design/src/final_alu_op_range_guard.v:88$384'.
  created $dff cell `$procdff$5655' with positive edge clock.
Creating register for signal `$paramod$a1eea2f2e8d1a342568fc48780b8e97a0b12c301\final_alu_op_range_guard.\mul_acc_reg' using process `$paramod$a1eea2f2e8d1a342568fc48780b8e97a0b12c301\final_alu_op_range_guard.$proc$/home/runner/work/LibreLane-Sky130PDK-ASIC-Toolchain/LibreLane-Sky130PDK-ASIC-Toolchain/designs/final_design/src/final_alu_op_range_guard.v:88$384'.
  created $dff cell `$procdff$5656' with positive edge clock.
Creating register for signal `$paramod$a1eea2f2e8d1a342568fc48780b8e97a0b12c301\final_alu_op_range_guard.\mul_mcand_reg' using process `$paramod$a1eea2f2e8d1a342568fc48780b8e97a0b12c301\final_alu_op_range_guard.$proc$/home/runner/work/LibreLane-Sky130PDK-ASIC-Toolchain/LibreLane-Sky130PDK-ASIC-Toolchain/designs/final_design/src/final_alu_op_range_guard.v:88$384'.
  created $dff cell `$procdff$5657' with positive edge clock.
Creating register for signal `$paramod$a1eea2f2e8d1a342568fc48780b8e97a0b12c301\final_alu_op_range_guard.\mul_mult_reg' using process `$paramod$a1eea2f2e8d1a342568fc48780b8e97a0b12c301\final_alu_op_range_guard.$proc$/home/runner/work/LibreLane-Sky130PDK-ASIC-Toolchain/LibreLane-Sky130PDK-ASIC-Toolchain/designs/final_design/src/final_alu_op_range_guard.v:88$384'.
  created $dff cell `$procdff$5658' with positive edge clock.
Creating register for signal `$paramod$a1eea2f2e8d1a342568fc48780b8e97a0b12c301\final_alu_op_range_guard.\mul_count_reg' using process `$paramod$a1eea2f2e8d1a342568fc48780b8e97a0b12c301\final_alu_op_range_guard.$proc$/home/runner/work/LibreLane-Sky130PDK-ASIC-Toolchain/LibreLane-Sky130PDK-ASIC-Toolchain/designs/final_design/src/final_alu_op_range_guard.v:88$384'.
  created $dff cell `$procdff$5659' with positive edge clock.
Creating register for signal `$paramod$a1eea2f2e8d1a342568fc48780b8e97a0b12c301\final_alu_op_range_guard.\mul_mcand_big_reg' using process `$paramod$a1eea2f2e8d1a342568fc48780b8e97a0b12c301\final_alu_op_range_guard.$proc$/home/runner/work/LibreLane-Sky130PDK-ASIC-Toolchain/LibreLane-Sky130PDK-ASIC-Toolchain/designs/final_design/src/final_alu_op_range_guard.v:88$384'.
  created $dff cell `$procdff$5660' with positive edge clock.
Creating register for signal `$paramod$3d5933457824fda5c29cfed42e669bf3c7234f6e\final_alu_encoder_runtime.\lane_idx' using process `$paramod$3d5933457824fda5c29cfed42e669bf3c7234f6e\final_alu_encoder_runtime.$proc$/home/runner/work/LibreLane-Sky130PDK-ASIC-Toolchain/LibreLane-Sky130PDK-ASIC-Toolchain/designs/final_design/src/final_alu_encoder_runtime.v:73$350'.
  created $dff cell `$procdff$5661' with positive edge clock.
Creating register for signal `$paramod$3d5933457824fda5c29cfed42e669bf3c7234f6e\final_alu_encoder_runtime.\done' using process `$paramod$3d5933457824fda5c29cfed42e669bf3c7234f6e\final_alu_encoder_runtime.$proc$/home/runner/work/LibreLane-Sky130PDK-ASIC-Toolchain/LibreLane-Sky130PDK-ASIC-Toolchain/designs/final_design/src/final_alu_encoder_runtime.v:73$350'.
  created $dff cell `$procdff$5662' with positive edge clock.
Creating register for signal `$paramod$3d5933457824fda5c29cfed42e669bf3c7234f6e\final_alu_encoder_runtime.\res_flat' using process `$paramod$3d5933457824fda5c29cfed42e669bf3c7234f6e\final_alu_encoder_runtime.$proc$/home/runner/work/LibreLane-Sky130PDK-ASIC-Toolchain/LibreLane-Sky130PDK-ASIC-Toolchain/designs/final_design/src/final_alu_encoder_runtime.v:73$350'.
  created $dff cell `$procdff$5663' with positive edge clock.
Creating register for signal `$paramod$3d5933457824fda5c29cfed42e669bf3c7234f6e\final_alu_encoder_runtime.\state' using process `$paramod$3d5933457824fda5c29cfed42e669bf3c7234f6e\final_alu_encoder_runtime.$proc$/home/runner/work/LibreLane-Sky130PDK-ASIC-Toolchain/LibreLane-Sky130PDK-ASIC-Toolchain/designs/final_design/src/final_alu_encoder_runtime.v:73$350'.
  created $dff cell `$procdff$5664' with positive edge clock.
Creating register for signal `$paramod$3d5933457824fda5c29cfed42e669bf3c7234f6e\final_alu_encoder_runtime.\bit_count' using process `$paramod$3d5933457824fda5c29cfed42e669bf3c7234f6e\final_alu_encoder_runtime.$proc$/home/runner/work/LibreLane-Sky130PDK-ASIC-Toolchain/LibreLane-Sky130PDK-ASIC-Toolchain/designs/final_design/src/final_alu_encoder_runtime.v:73$350'.
  created $dff cell `$procdff$5665' with positive edge clock.
Creating register for signal `$paramod$3d5933457824fda5c29cfed42e669bf3c7234f6e\final_alu_encoder_runtime.\mag_reg' using process `$paramod$3d5933457824fda5c29cfed42e669bf3c7234f6e\final_alu_encoder_runtime.$proc$/home/runner/work/LibreLane-Sky130PDK-ASIC-Toolchain/LibreLane-Sky130PDK-ASIC-Toolchain/designs/final_design/src/final_alu_encoder_runtime.v:73$350'.
  created $dff cell `$procdff$5666' with positive edge clock.
Creating register for signal `$paramod$3d5933457824fda5c29cfed42e669bf3c7234f6e\final_alu_encoder_runtime.\shift_reg' using process `$paramod$3d5933457824fda5c29cfed42e669bf3c7234f6e\final_alu_encoder_runtime.$proc$/home/runner/work/LibreLane-Sky130PDK-ASIC-Toolchain/LibreLane-Sky130PDK-ASIC-Toolchain/designs/final_design/src/final_alu_encoder_runtime.v:73$350'.
  created $dff cell `$procdff$5667' with positive edge clock.
Creating register for signal `$paramod$3d5933457824fda5c29cfed42e669bf3c7234f6e\final_alu_encoder_runtime.\neg_reg' using process `$paramod$3d5933457824fda5c29cfed42e669bf3c7234f6e\final_alu_encoder_runtime.$proc$/home/runner/work/LibreLane-Sky130PDK-ASIC-Toolchain/LibreLane-Sky130PDK-ASIC-Toolchain/designs/final_design/src/final_alu_encoder_runtime.v:73$350'.
  created $dff cell `$procdff$5668' with positive edge clock.
Creating register for signal `$paramod$3d5933457824fda5c29cfed42e669bf3c7234f6e\final_alu_encoder_runtime.\modulus_reg' using process `$paramod$3d5933457824fda5c29cfed42e669bf3c7234f6e\final_alu_encoder_runtime.$proc$/home/runner/work/LibreLane-Sky130PDK-ASIC-Toolchain/LibreLane-Sky130PDK-ASIC-Toolchain/designs/final_design/src/final_alu_encoder_runtime.v:73$350'.
  created $dff cell `$procdff$5669' with positive edge clock.
Creating register for signal `$paramod$3d5933457824fda5c29cfed42e669bf3c7234f6e\final_alu_encoder_runtime.\rem_reg' using process `$paramod$3d5933457824fda5c29cfed42e669bf3c7234f6e\final_alu_encoder_runtime.$proc$/home/runner/work/LibreLane-Sky130PDK-ASIC-Toolchain/LibreLane-Sky130PDK-ASIC-Toolchain/designs/final_design/src/final_alu_encoder_runtime.v:73$350'.
  created $dff cell `$procdff$5670' with positive edge clock.
Creating register for signal `$paramod\final_alu_slice_runtime\WM=s32'00000000000000000000000000000101.\z_res' using process `$paramod\final_alu_slice_runtime\WM=s32'00000000000000000000000000000101.$proc$/home/runner/work/LibreLane-Sky130PDK-ASIC-Toolchain/LibreLane-Sky130PDK-ASIC-Toolchain/designs/final_design/src/final_alu_slice_runtime.v:139$271'.
  created $dff cell `$procdff$5671' with positive edge clock.
Creating register for signal `$paramod\final_alu_slice_runtime\WM=s32'00000000000000000000000000000101.\op_reg' using process `$paramod\final_alu_slice_runtime\WM=s32'00000000000000000000000000000101.$proc$/home/runner/work/LibreLane-Sky130PDK-ASIC-Toolchain/LibreLane-Sky130PDK-ASIC-Toolchain/designs/final_design/src/final_alu_slice_runtime.v:139$271'.
  created $dff cell `$procdff$5672' with positive edge clock.
Creating register for signal `$paramod\final_alu_slice_runtime\WM=s32'00000000000000000000000000000101.\a_reg' using process `$paramod\final_alu_slice_runtime\WM=s32'00000000000000000000000000000101.$proc$/home/runner/work/LibreLane-Sky130PDK-ASIC-Toolchain/LibreLane-Sky130PDK-ASIC-Toolchain/designs/final_design/src/final_alu_slice_runtime.v:139$271'.
  created $dff cell `$procdff$5673' with positive edge clock.
Creating register for signal `$paramod\final_alu_slice_runtime\WM=s32'00000000000000000000000000000101.\b_reg' using process `$paramod\final_alu_slice_runtime\WM=s32'00000000000000000000000000000101.$proc$/home/runner/work/LibreLane-Sky130PDK-ASIC-Toolchain/LibreLane-Sky130PDK-ASIC-Toolchain/designs/final_design/src/final_alu_slice_runtime.v:139$271'.
  created $dff cell `$procdff$5674' with positive edge clock.
Creating register for signal `$paramod\final_alu_slice_runtime\WM=s32'00000000000000000000000000000101.\mod_reg' using process `$paramod\final_alu_slice_runtime\WM=s32'00000000000000000000000000000101.$proc$/home/runner/work/LibreLane-Sky130PDK-ASIC-Toolchain/LibreLane-Sky130PDK-ASIC-Toolchain/designs/final_design/src/final_alu_slice_runtime.v:139$271'.
  created $dff cell `$procdff$5675' with positive edge clock.
Creating register for signal `$paramod\final_alu_slice_runtime\WM=s32'00000000000000000000000000000101.\acc_reg' using process `$paramod\final_alu_slice_runtime\WM=s32'00000000000000000000000000000101.$proc$/home/runner/work/LibreLane-Sky130PDK-ASIC-Toolchain/LibreLane-Sky130PDK-ASIC-Toolchain/designs/final_design/src/final_alu_slice_runtime.v:139$271'.
  created $dff cell `$procdff$5676' with positive edge clock.
Creating register for signal `$paramod\final_alu_slice_runtime\WM=s32'00000000000000000000000000000101.\mcand_reg' using process `$paramod\final_alu_slice_runtime\WM=s32'00000000000000000000000000000101.$proc$/home/runner/work/LibreLane-Sky130PDK-ASIC-Toolchain/LibreLane-Sky130PDK-ASIC-Toolchain/designs/final_design/src/final_alu_slice_runtime.v:139$271'.
  created $dff cell `$procdff$5677' with positive edge clock.
Creating register for signal `$paramod\final_alu_slice_runtime\WM=s32'00000000000000000000000000000101.\mult_reg' using process `$paramod\final_alu_slice_runtime\WM=s32'00000000000000000000000000000101.$proc$/home/runner/work/LibreLane-Sky130PDK-ASIC-Toolchain/LibreLane-Sky130PDK-ASIC-Toolchain/designs/final_design/src/final_alu_slice_runtime.v:139$271'.
  created $dff cell `$procdff$5678' with positive edge clock.
Creating register for signal `$paramod\final_alu_slice_runtime\WM=s32'00000000000000000000000000000101.\bit_count' using process `$paramod\final_alu_slice_runtime\WM=s32'00000000000000000000000000000101.$proc$/home/runner/work/LibreLane-Sky130PDK-ASIC-Toolchain/LibreLane-Sky130PDK-ASIC-Toolchain/designs/final_design/src/final_alu_slice_runtime.v:139$271'.
  created $dff cell `$procdff$5679' with positive edge clock.
Creating register for signal `$paramod\final_alu_slice_runtime\WM=s32'00000000000000000000000000000101.\done' using process `$paramod\final_alu_slice_runtime\WM=s32'00000000000000000000000000000101.$proc$/home/runner/work/LibreLane-Sky130PDK-ASIC-Toolchain/LibreLane-Sky130PDK-ASIC-Toolchain/designs/final_design/src/final_alu_slice_runtime.v:98$266'.
  created $dff cell `$procdff$5680' with positive edge clock.
Creating register for signal `$paramod\final_alu_slice_runtime\WM=s32'00000000000000000000000000000101.\state' using process `$paramod\final_alu_slice_runtime\WM=s32'00000000000000000000000000000101.$proc$/home/runner/work/LibreLane-Sky130PDK-ASIC-Toolchain/LibreLane-Sky130PDK-ASIC-Toolchain/designs/final_design/src/final_alu_slice_runtime.v:98$266'.
  created $dff cell `$procdff$5681' with positive edge clock.
Creating register for signal `$paramod$4189ba8f5f2c2b48a04fc022fed7b1fdd11c3d0e\final_alu_corrector_search_v18.\residue_error' using process `$paramod$4189ba8f5f2c2b48a04fc022fed7b1fdd11c3d0e\final_alu_corrector_search_v18.$proc$/home/runner/work/LibreLane-Sky130PDK-ASIC-Toolchain/LibreLane-Sky130PDK-ASIC-Toolchain/designs/final_design/src/final_alu_corrector_search.v:193$188'.
  created $dff cell `$procdff$5682' with positive edge clock.
Creating register for signal `$paramod$4189ba8f5f2c2b48a04fc022fed7b1fdd11c3d0e\final_alu_corrector_search_v18.\corrected_success' using process `$paramod$4189ba8f5f2c2b48a04fc022fed7b1fdd11c3d0e\final_alu_corrector_search_v18.$proc$/home/runner/work/LibreLane-Sky130PDK-ASIC-Toolchain/LibreLane-Sky130PDK-ASIC-Toolchain/designs/final_design/src/final_alu_corrector_search.v:193$188'.
  created $dff cell `$procdff$5683' with positive edge clock.
Creating register for signal `$paramod$4189ba8f5f2c2b48a04fc022fed7b1fdd11c3d0e\final_alu_corrector_search_v18.\uncorrectable' using process `$paramod$4189ba8f5f2c2b48a04fc022fed7b1fdd11c3d0e\final_alu_corrector_search_v18.$proc$/home/runner/work/LibreLane-Sky130PDK-ASIC-Toolchain/LibreLane-Sky130PDK-ASIC-Toolchain/designs/final_design/src/final_alu_corrector_search.v:193$188'.
  created $dff cell `$procdff$5684' with positive edge clock.
Creating register for signal `$paramod$4189ba8f5f2c2b48a04fc022fed7b1fdd11c3d0e\final_alu_corrector_search_v18.\corrected_lane_mask' using process `$paramod$4189ba8f5f2c2b48a04fc022fed7b1fdd11c3d0e\final_alu_corrector_search_v18.$proc$/home/runner/work/LibreLane-Sky130PDK-ASIC-Toolchain/LibreLane-Sky130PDK-ASIC-Toolchain/designs/final_design/src/final_alu_corrector_search.v:193$188'.
  created $dff cell `$procdff$5685' with positive edge clock.
Creating register for signal `$paramod$4189ba8f5f2c2b48a04fc022fed7b1fdd11c3d0e\final_alu_corrector_search_v18.\mismatch_mask_out' using process `$paramod$4189ba8f5f2c2b48a04fc022fed7b1fdd11c3d0e\final_alu_corrector_search_v18.$proc$/home/runner/work/LibreLane-Sky130PDK-ASIC-Toolchain/LibreLane-Sky130PDK-ASIC-Toolchain/designs/final_design/src/final_alu_corrector_search.v:193$188'.
  created $dff cell `$procdff$5686' with positive edge clock.
Creating register for signal `$paramod$4189ba8f5f2c2b48a04fc022fed7b1fdd11c3d0e\final_alu_corrector_search_v18.\mismatch_count_out' using process `$paramod$4189ba8f5f2c2b48a04fc022fed7b1fdd11c3d0e\final_alu_corrector_search_v18.$proc$/home/runner/work/LibreLane-Sky130PDK-ASIC-Toolchain/LibreLane-Sky130PDK-ASIC-Toolchain/designs/final_design/src/final_alu_corrector_search.v:193$188'.
  created $dff cell `$procdff$5687' with positive edge clock.
Creating register for signal `$paramod$4189ba8f5f2c2b48a04fc022fed7b1fdd11c3d0e\final_alu_corrector_search_v18.\corrected_candidate_base' using process `$paramod$4189ba8f5f2c2b48a04fc022fed7b1fdd11c3d0e\final_alu_corrector_search_v18.$proc$/home/runner/work/LibreLane-Sky130PDK-ASIC-Toolchain/LibreLane-Sky130PDK-ASIC-Toolchain/designs/final_design/src/final_alu_corrector_search.v:193$188'.
  created $dff cell `$procdff$5688' with positive edge clock.
Creating register for signal `$paramod$4189ba8f5f2c2b48a04fc022fed7b1fdd11c3d0e\final_alu_corrector_search_v18.\cand' using process `$paramod$4189ba8f5f2c2b48a04fc022fed7b1fdd11c3d0e\final_alu_corrector_search_v18.$proc$/home/runner/work/LibreLane-Sky130PDK-ASIC-Toolchain/LibreLane-Sky130PDK-ASIC-Toolchain/designs/final_design/src/final_alu_corrector_search.v:193$188'.
  created $dff cell `$procdff$5689' with positive edge clock.
Creating register for signal `$paramod$4189ba8f5f2c2b48a04fc022fed7b1fdd11c3d0e\final_alu_corrector_search_v18.\p0' using process `$paramod$4189ba8f5f2c2b48a04fc022fed7b1fdd11c3d0e\final_alu_corrector_search_v18.$proc$/home/runner/work/LibreLane-Sky130PDK-ASIC-Toolchain/LibreLane-Sky130PDK-ASIC-Toolchain/designs/final_design/src/final_alu_corrector_search.v:193$188'.
  created $dff cell `$procdff$5690' with positive edge clock.
Creating register for signal `$paramod$4189ba8f5f2c2b48a04fc022fed7b1fdd11c3d0e\final_alu_corrector_search_v18.\p1' using process `$paramod$4189ba8f5f2c2b48a04fc022fed7b1fdd11c3d0e\final_alu_corrector_search_v18.$proc$/home/runner/work/LibreLane-Sky130PDK-ASIC-Toolchain/LibreLane-Sky130PDK-ASIC-Toolchain/designs/final_design/src/final_alu_corrector_search.v:193$188'.
  created $dff cell `$procdff$5691' with positive edge clock.
Creating register for signal `$paramod$4189ba8f5f2c2b48a04fc022fed7b1fdd11c3d0e\final_alu_corrector_search_v18.\p2' using process `$paramod$4189ba8f5f2c2b48a04fc022fed7b1fdd11c3d0e\final_alu_corrector_search_v18.$proc$/home/runner/work/LibreLane-Sky130PDK-ASIC-Toolchain/LibreLane-Sky130PDK-ASIC-Toolchain/designs/final_design/src/final_alu_corrector_search.v:193$188'.
  created $dff cell `$procdff$5692' with positive edge clock.
Creating register for signal `$paramod$4189ba8f5f2c2b48a04fc022fed7b1fdd11c3d0e\final_alu_corrector_search_v18.\p3' using process `$paramod$4189ba8f5f2c2b48a04fc022fed7b1fdd11c3d0e\final_alu_corrector_search_v18.$proc$/home/runner/work/LibreLane-Sky130PDK-ASIC-Toolchain/LibreLane-Sky130PDK-ASIC-Toolchain/designs/final_design/src/final_alu_corrector_search.v:193$188'.
  created $dff cell `$procdff$5693' with positive edge clock.
Creating register for signal `$paramod$4189ba8f5f2c2b48a04fc022fed7b1fdd11c3d0e\final_alu_corrector_search_v18.\p4' using process `$paramod$4189ba8f5f2c2b48a04fc022fed7b1fdd11c3d0e\final_alu_corrector_search_v18.$proc$/home/runner/work/LibreLane-Sky130PDK-ASIC-Toolchain/LibreLane-Sky130PDK-ASIC-Toolchain/designs/final_design/src/final_alu_corrector_search.v:193$188'.
  created $dff cell `$procdff$5694' with positive edge clock.
Creating register for signal `$paramod$4189ba8f5f2c2b48a04fc022fed7b1fdd11c3d0e\final_alu_corrector_search_v18.\p5' using process `$paramod$4189ba8f5f2c2b48a04fc022fed7b1fdd11c3d0e\final_alu_corrector_search_v18.$proc$/home/runner/work/LibreLane-Sky130PDK-ASIC-Toolchain/LibreLane-Sky130PDK-ASIC-Toolchain/designs/final_design/src/final_alu_corrector_search.v:193$188'.
  created $dff cell `$procdff$5695' with positive edge clock.
Creating register for signal `$paramod$4189ba8f5f2c2b48a04fc022fed7b1fdd11c3d0e\final_alu_corrector_search_v18.\half_hit0_q' using process `$paramod$4189ba8f5f2c2b48a04fc022fed7b1fdd11c3d0e\final_alu_corrector_search_v18.$proc$/home/runner/work/LibreLane-Sky130PDK-ASIC-Toolchain/LibreLane-Sky130PDK-ASIC-Toolchain/designs/final_design/src/final_alu_corrector_search.v:193$188'.
  created $dff cell `$procdff$5696' with positive edge clock.
Creating register for signal `$paramod$4189ba8f5f2c2b48a04fc022fed7b1fdd11c3d0e\final_alu_corrector_search_v18.\half_hit1_q' using process `$paramod$4189ba8f5f2c2b48a04fc022fed7b1fdd11c3d0e\final_alu_corrector_search_v18.$proc$/home/runner/work/LibreLane-Sky130PDK-ASIC-Toolchain/LibreLane-Sky130PDK-ASIC-Toolchain/designs/final_design/src/final_alu_corrector_search.v:193$188'.
  created $dff cell `$procdff$5697' with positive edge clock.
Creating register for signal `$paramod$4189ba8f5f2c2b48a04fc022fed7b1fdd11c3d0e\final_alu_corrector_search_v18.\half_hit2_q' using process `$paramod$4189ba8f5f2c2b48a04fc022fed7b1fdd11c3d0e\final_alu_corrector_search_v18.$proc$/home/runner/work/LibreLane-Sky130PDK-ASIC-Toolchain/LibreLane-Sky130PDK-ASIC-Toolchain/designs/final_design/src/final_alu_corrector_search.v:193$188'.
  created $dff cell `$procdff$5698' with positive edge clock.
Creating register for signal `$paramod$4189ba8f5f2c2b48a04fc022fed7b1fdd11c3d0e\final_alu_corrector_search_v18.\half_hit3_q' using process `$paramod$4189ba8f5f2c2b48a04fc022fed7b1fdd11c3d0e\final_alu_corrector_search_v18.$proc$/home/runner/work/LibreLane-Sky130PDK-ASIC-Toolchain/LibreLane-Sky130PDK-ASIC-Toolchain/designs/final_design/src/final_alu_corrector_search.v:193$188'.
  created $dff cell `$procdff$5699' with positive edge clock.
Creating register for signal `$paramod$4189ba8f5f2c2b48a04fc022fed7b1fdd11c3d0e\final_alu_corrector_search_v18.\half_hit4_q' using process `$paramod$4189ba8f5f2c2b48a04fc022fed7b1fdd11c3d0e\final_alu_corrector_search_v18.$proc$/home/runner/work/LibreLane-Sky130PDK-ASIC-Toolchain/LibreLane-Sky130PDK-ASIC-Toolchain/designs/final_design/src/final_alu_corrector_search.v:193$188'.
  created $dff cell `$procdff$5700' with positive edge clock.
Creating register for signal `$paramod$4189ba8f5f2c2b48a04fc022fed7b1fdd11c3d0e\final_alu_corrector_search_v18.\half_hit5_q' using process `$paramod$4189ba8f5f2c2b48a04fc022fed7b1fdd11c3d0e\final_alu_corrector_search_v18.$proc$/home/runner/work/LibreLane-Sky130PDK-ASIC-Toolchain/LibreLane-Sky130PDK-ASIC-Toolchain/designs/final_design/src/final_alu_corrector_search.v:193$188'.
  created $dff cell `$procdff$5701' with positive edge clock.
Creating register for signal `$paramod$4189ba8f5f2c2b48a04fc022fed7b1fdd11c3d0e\final_alu_corrector_search_v18.\base_found' using process `$paramod$4189ba8f5f2c2b48a04fc022fed7b1fdd11c3d0e\final_alu_corrector_search_v18.$proc$/home/runner/work/LibreLane-Sky130PDK-ASIC-Toolchain/LibreLane-Sky130PDK-ASIC-Toolchain/designs/final_design/src/final_alu_corrector_search.v:193$188'.
  created $dff cell `$procdff$5702' with positive edge clock.
Creating register for signal `$paramod$4189ba8f5f2c2b48a04fc022fed7b1fdd11c3d0e\final_alu_corrector_search_v18.\base_candidate' using process `$paramod$4189ba8f5f2c2b48a04fc022fed7b1fdd11c3d0e\final_alu_corrector_search_v18.$proc$/home/runner/work/LibreLane-Sky130PDK-ASIC-Toolchain/LibreLane-Sky130PDK-ASIC-Toolchain/designs/final_design/src/final_alu_corrector_search.v:193$188'.
  created $dff cell `$procdff$5703' with positive edge clock.
Creating register for signal `$paramod$4189ba8f5f2c2b48a04fc022fed7b1fdd11c3d0e\final_alu_corrector_search_v18.\base_mask' using process `$paramod$4189ba8f5f2c2b48a04fc022fed7b1fdd11c3d0e\final_alu_corrector_search_v18.$proc$/home/runner/work/LibreLane-Sky130PDK-ASIC-Toolchain/LibreLane-Sky130PDK-ASIC-Toolchain/designs/final_design/src/final_alu_corrector_search.v:193$188'.
  created $dff cell `$procdff$5704' with positive edge clock.
Creating register for signal `$paramod$4189ba8f5f2c2b48a04fc022fed7b1fdd11c3d0e\final_alu_corrector_search_v18.\base_count' using process `$paramod$4189ba8f5f2c2b48a04fc022fed7b1fdd11c3d0e\final_alu_corrector_search_v18.$proc$/home/runner/work/LibreLane-Sky130PDK-ASIC-Toolchain/LibreLane-Sky130PDK-ASIC-Toolchain/designs/final_design/src/final_alu_corrector_search.v:193$188'.
  created $dff cell `$procdff$5705' with positive edge clock.
Creating register for signal `$paramod$4189ba8f5f2c2b48a04fc022fed7b1fdd11c3d0e\final_alu_corrector_search_v18.\final_residue_error_q' using process `$paramod$4189ba8f5f2c2b48a04fc022fed7b1fdd11c3d0e\final_alu_corrector_search_v18.$proc$/home/runner/work/LibreLane-Sky130PDK-ASIC-Toolchain/LibreLane-Sky130PDK-ASIC-Toolchain/designs/final_design/src/final_alu_corrector_search.v:193$188'.
  created $dff cell `$procdff$5706' with positive edge clock.
Creating register for signal `$paramod$4189ba8f5f2c2b48a04fc022fed7b1fdd11c3d0e\final_alu_corrector_search_v18.\final_corrected_success_q' using process `$paramod$4189ba8f5f2c2b48a04fc022fed7b1fdd11c3d0e\final_alu_corrector_search_v18.$proc$/home/runner/work/LibreLane-Sky130PDK-ASIC-Toolchain/LibreLane-Sky130PDK-ASIC-Toolchain/designs/final_design/src/final_alu_corrector_search.v:193$188'.
  created $dff cell `$procdff$5707' with positive edge clock.
Creating register for signal `$paramod$4189ba8f5f2c2b48a04fc022fed7b1fdd11c3d0e\final_alu_corrector_search_v18.\final_uncorrectable_q' using process `$paramod$4189ba8f5f2c2b48a04fc022fed7b1fdd11c3d0e\final_alu_corrector_search_v18.$proc$/home/runner/work/LibreLane-Sky130PDK-ASIC-Toolchain/LibreLane-Sky130PDK-ASIC-Toolchain/designs/final_design/src/final_alu_corrector_search.v:193$188'.
  created $dff cell `$procdff$5708' with positive edge clock.
Creating register for signal `$paramod$4189ba8f5f2c2b48a04fc022fed7b1fdd11c3d0e\final_alu_corrector_search_v18.\final_corrected_lane_mask_q' using process `$paramod$4189ba8f5f2c2b48a04fc022fed7b1fdd11c3d0e\final_alu_corrector_search_v18.$proc$/home/runner/work/LibreLane-Sky130PDK-ASIC-Toolchain/LibreLane-Sky130PDK-ASIC-Toolchain/designs/final_design/src/final_alu_corrector_search.v:193$188'.
  created $dff cell `$procdff$5709' with positive edge clock.
Creating register for signal `$paramod$4189ba8f5f2c2b48a04fc022fed7b1fdd11c3d0e\final_alu_corrector_search_v18.\final_mismatch_mask_q' using process `$paramod$4189ba8f5f2c2b48a04fc022fed7b1fdd11c3d0e\final_alu_corrector_search_v18.$proc$/home/runner/work/LibreLane-Sky130PDK-ASIC-Toolchain/LibreLane-Sky130PDK-ASIC-Toolchain/designs/final_design/src/final_alu_corrector_search.v:193$188'.
  created $dff cell `$procdff$5710' with positive edge clock.
Creating register for signal `$paramod$4189ba8f5f2c2b48a04fc022fed7b1fdd11c3d0e\final_alu_corrector_search_v18.\final_mismatch_count_q' using process `$paramod$4189ba8f5f2c2b48a04fc022fed7b1fdd11c3d0e\final_alu_corrector_search_v18.$proc$/home/runner/work/LibreLane-Sky130PDK-ASIC-Toolchain/LibreLane-Sky130PDK-ASIC-Toolchain/designs/final_design/src/final_alu_corrector_search.v:193$188'.
  created $dff cell `$procdff$5711' with positive edge clock.
Creating register for signal `$paramod$4189ba8f5f2c2b48a04fc022fed7b1fdd11c3d0e\final_alu_corrector_search_v18.\final_corrected_candidate_base_q' using process `$paramod$4189ba8f5f2c2b48a04fc022fed7b1fdd11c3d0e\final_alu_corrector_search_v18.$proc$/home/runner/work/LibreLane-Sky130PDK-ASIC-Toolchain/LibreLane-Sky130PDK-ASIC-Toolchain/designs/final_design/src/final_alu_corrector_search.v:193$188'.
  created $dff cell `$procdff$5712' with positive edge clock.
Creating register for signal `$paramod$4189ba8f5f2c2b48a04fc022fed7b1fdd11c3d0e\final_alu_corrector_search_v18.\done' using process `$paramod$4189ba8f5f2c2b48a04fc022fed7b1fdd11c3d0e\final_alu_corrector_search_v18.$proc$/home/runner/work/LibreLane-Sky130PDK-ASIC-Toolchain/LibreLane-Sky130PDK-ASIC-Toolchain/designs/final_design/src/final_alu_corrector_search.v:131$183'.
  created $dff cell `$procdff$5713' with positive edge clock.
Creating register for signal `$paramod$4189ba8f5f2c2b48a04fc022fed7b1fdd11c3d0e\final_alu_corrector_search_v18.\state' using process `$paramod$4189ba8f5f2c2b48a04fc022fed7b1fdd11c3d0e\final_alu_corrector_search_v18.$proc$/home/runner/work/LibreLane-Sky130PDK-ASIC-Toolchain/LibreLane-Sky130PDK-ASIC-Toolchain/designs/final_design/src/final_alu_corrector_search.v:131$183'.
  created $dff cell `$procdff$5714' with positive edge clock.
Creating register for signal `\final_alu_runtime_top.\X_out' using process `\final_alu_runtime_top.$proc$/home/runner/work/LibreLane-Sky130PDK-ASIC-Toolchain/LibreLane-Sky130PDK-ASIC-Toolchain/designs/final_design/src/final_alu_runtime_top.v:854$99'.
  created $dff cell `$procdff$5715' with positive edge clock.
Creating register for signal `\final_alu_runtime_top.\Done' using process `\final_alu_runtime_top.$proc$/home/runner/work/LibreLane-Sky130PDK-ASIC-Toolchain/LibreLane-Sky130PDK-ASIC-Toolchain/designs/final_design/src/final_alu_runtime_top.v:854$99'.
  created $dff cell `$procdff$5716' with positive edge clock.
Creating register for signal `\final_alu_runtime_top.\Corrected' using process `\final_alu_runtime_top.$proc$/home/runner/work/LibreLane-Sky130PDK-ASIC-Toolchain/LibreLane-Sky130PDK-ASIC-Toolchain/designs/final_design/src/final_alu_runtime_top.v:854$99'.
  created $dff cell `$procdff$5717' with positive edge clock.
Creating register for signal `\final_alu_runtime_top.\main_state' using process `\final_alu_runtime_top.$proc$/home/runner/work/LibreLane-Sky130PDK-ASIC-Toolchain/LibreLane-Sky130PDK-ASIC-Toolchain/designs/final_design/src/final_alu_runtime_top.v:854$99'.
  created $dff cell `$procdff$5718' with positive edge clock.
Creating register for signal `\final_alu_runtime_top.\cfg_state_dbg' using process `\final_alu_runtime_top.$proc$/home/runner/work/LibreLane-Sky130PDK-ASIC-Toolchain/LibreLane-Sky130PDK-ASIC-Toolchain/designs/final_design/src/final_alu_runtime_top.v:854$99'.
  created $dff cell `$procdff$5719' with positive edge clock.
Creating register for signal `\final_alu_runtime_top.\op_state_dbg' using process `\final_alu_runtime_top.$proc$/home/runner/work/LibreLane-Sky130PDK-ASIC-Toolchain/LibreLane-Sky130PDK-ASIC-Toolchain/designs/final_design/src/final_alu_runtime_top.v:854$99'.
  created $dff cell `$procdff$5720' with positive edge clock.
Creating register for signal `\final_alu_runtime_top.\lane_idx' using process `\final_alu_runtime_top.$proc$/home/runner/work/LibreLane-Sky130PDK-ASIC-Toolchain/LibreLane-Sky130PDK-ASIC-Toolchain/designs/final_design/src/final_alu_runtime_top.v:854$99'.
  created $dff cell `$procdff$5721' with positive edge clock.
Creating register for signal `\final_alu_runtime_top.\op_lane_oh' using process `\final_alu_runtime_top.$proc$/home/runner/work/LibreLane-Sky130PDK-ASIC-Toolchain/LibreLane-Sky130PDK-ASIC-Toolchain/designs/final_design/src/final_alu_runtime_top.v:854$99'.
  created $dff cell `$procdff$5722' with positive edge clock.
Creating register for signal `\final_alu_runtime_top.\slice_m_lane_oh' using process `\final_alu_runtime_top.$proc$/home/runner/work/LibreLane-Sky130PDK-ASIC-Toolchain/LibreLane-Sky130PDK-ASIC-Toolchain/designs/final_design/src/final_alu_runtime_top.v:854$99'.
  created $dff cell `$procdff$5723' with positive edge clock.
Creating register for signal `\final_alu_runtime_top.\slice_a_lane_oh' using process `\final_alu_runtime_top.$proc$/home/runner/work/LibreLane-Sky130PDK-ASIC-Toolchain/LibreLane-Sky130PDK-ASIC-Toolchain/designs/final_design/src/final_alu_runtime_top.v:854$99'.
  created $dff cell `$procdff$5724' with positive edge clock.
Creating register for signal `\final_alu_runtime_top.\slice_b_lane_oh' using process `\final_alu_runtime_top.$proc$/home/runner/work/LibreLane-Sky130PDK-ASIC-Toolchain/LibreLane-Sky130PDK-ASIC-Toolchain/designs/final_design/src/final_alu_runtime_top.v:854$99'.
  created $dff cell `$procdff$5725' with positive edge clock.
Creating register for signal `\final_alu_runtime_top.\enc_m0_cfg' using process `\final_alu_runtime_top.$proc$/home/runner/work/LibreLane-Sky130PDK-ASIC-Toolchain/LibreLane-Sky130PDK-ASIC-Toolchain/designs/final_design/src/final_alu_runtime_top.v:854$99'.
  created $dff cell `$procdff$5726' with positive edge clock.
Creating register for signal `\final_alu_runtime_top.\enc_m1_cfg' using process `\final_alu_runtime_top.$proc$/home/runner/work/LibreLane-Sky130PDK-ASIC-Toolchain/LibreLane-Sky130PDK-ASIC-Toolchain/designs/final_design/src/final_alu_runtime_top.v:854$99'.
  created $dff cell `$procdff$5727' with positive edge clock.
Creating register for signal `\final_alu_runtime_top.\enc_m2_cfg' using process `\final_alu_runtime_top.$proc$/home/runner/work/LibreLane-Sky130PDK-ASIC-Toolchain/LibreLane-Sky130PDK-ASIC-Toolchain/designs/final_design/src/final_alu_runtime_top.v:854$99'.
  created $dff cell `$procdff$5728' with positive edge clock.
Creating register for signal `\final_alu_runtime_top.\enc_m3_cfg' using process `\final_alu_runtime_top.$proc$/home/runner/work/LibreLane-Sky130PDK-ASIC-Toolchain/LibreLane-Sky130PDK-ASIC-Toolchain/designs/final_design/src/final_alu_runtime_top.v:854$99'.
  created $dff cell `$procdff$5729' with positive edge clock.
Creating register for signal `\final_alu_runtime_top.\enc_m4_cfg' using process `\final_alu_runtime_top.$proc$/home/runner/work/LibreLane-Sky130PDK-ASIC-Toolchain/LibreLane-Sky130PDK-ASIC-Toolchain/designs/final_design/src/final_alu_runtime_top.v:854$99'.
  created $dff cell `$procdff$5730' with positive edge clock.
Creating register for signal `\final_alu_runtime_top.\enc_m5_cfg' using process `\final_alu_runtime_top.$proc$/home/runner/work/LibreLane-Sky130PDK-ASIC-Toolchain/LibreLane-Sky130PDK-ASIC-Toolchain/designs/final_design/src/final_alu_runtime_top.v:854$99'.
  created $dff cell `$procdff$5731' with positive edge clock.
Creating register for signal `\final_alu_runtime_top.\slice_m0_cfg' using process `\final_alu_runtime_top.$proc$/home/runner/work/LibreLane-Sky130PDK-ASIC-Toolchain/LibreLane-Sky130PDK-ASIC-Toolchain/designs/final_design/src/final_alu_runtime_top.v:854$99'.
  created $dff cell `$procdff$5732' with positive edge clock.
Creating register for signal `\final_alu_runtime_top.\slice_m1_cfg' using process `\final_alu_runtime_top.$proc$/home/runner/work/LibreLane-Sky130PDK-ASIC-Toolchain/LibreLane-Sky130PDK-ASIC-Toolchain/designs/final_design/src/final_alu_runtime_top.v:854$99'.
  created $dff cell `$procdff$5733' with positive edge clock.
Creating register for signal `\final_alu_runtime_top.\slice_m2_cfg' using process `\final_alu_runtime_top.$proc$/home/runner/work/LibreLane-Sky130PDK-ASIC-Toolchain/LibreLane-Sky130PDK-ASIC-Toolchain/designs/final_design/src/final_alu_runtime_top.v:854$99'.
  created $dff cell `$procdff$5734' with positive edge clock.
Creating register for signal `\final_alu_runtime_top.\slice_m3_cfg' using process `\final_alu_runtime_top.$proc$/home/runner/work/LibreLane-Sky130PDK-ASIC-Toolchain/LibreLane-Sky130PDK-ASIC-Toolchain/designs/final_design/src/final_alu_runtime_top.v:854$99'.
  created $dff cell `$procdff$5735' with positive edge clock.
Creating register for signal `\final_alu_runtime_top.\slice_m4_cfg' using process `\final_alu_runtime_top.$proc$/home/runner/work/LibreLane-Sky130PDK-ASIC-Toolchain/LibreLane-Sky130PDK-ASIC-Toolchain/designs/final_design/src/final_alu_runtime_top.v:854$99'.
  created $dff cell `$procdff$5736' with positive edge clock.
Creating register for signal `\final_alu_runtime_top.\slice_m5_cfg' using process `\final_alu_runtime_top.$proc$/home/runner/work/LibreLane-Sky130PDK-ASIC-Toolchain/LibreLane-Sky130PDK-ASIC-Toolchain/designs/final_design/src/final_alu_runtime_top.v:854$99'.
  created $dff cell `$procdff$5737' with positive edge clock.
Creating register for signal `\final_alu_runtime_top.\corr_m0_cfg' using process `\final_alu_runtime_top.$proc$/home/runner/work/LibreLane-Sky130PDK-ASIC-Toolchain/LibreLane-Sky130PDK-ASIC-Toolchain/designs/final_design/src/final_alu_runtime_top.v:854$99'.
  created $dff cell `$procdff$5738' with positive edge clock.
Creating register for signal `\final_alu_runtime_top.\corr_m1_cfg' using process `\final_alu_runtime_top.$proc$/home/runner/work/LibreLane-Sky130PDK-ASIC-Toolchain/LibreLane-Sky130PDK-ASIC-Toolchain/designs/final_design/src/final_alu_runtime_top.v:854$99'.
  created $dff cell `$procdff$5739' with positive edge clock.
Creating register for signal `\final_alu_runtime_top.\corr_m2_cfg' using process `\final_alu_runtime_top.$proc$/home/runner/work/LibreLane-Sky130PDK-ASIC-Toolchain/LibreLane-Sky130PDK-ASIC-Toolchain/designs/final_design/src/final_alu_runtime_top.v:854$99'.
  created $dff cell `$procdff$5740' with positive edge clock.
Creating register for signal `\final_alu_runtime_top.\corr_m3_cfg' using process `\final_alu_runtime_top.$proc$/home/runner/work/LibreLane-Sky130PDK-ASIC-Toolchain/LibreLane-Sky130PDK-ASIC-Toolchain/designs/final_design/src/final_alu_runtime_top.v:854$99'.
  created $dff cell `$procdff$5741' with positive edge clock.
Creating register for signal `\final_alu_runtime_top.\corr_m4_cfg' using process `\final_alu_runtime_top.$proc$/home/runner/work/LibreLane-Sky130PDK-ASIC-Toolchain/LibreLane-Sky130PDK-ASIC-Toolchain/designs/final_design/src/final_alu_runtime_top.v:854$99'.
  created $dff cell `$procdff$5742' with positive edge clock.
Creating register for signal `\final_alu_runtime_top.\corr_m5_cfg' using process `\final_alu_runtime_top.$proc$/home/runner/work/LibreLane-Sky130PDK-ASIC-Toolchain/LibreLane-Sky130PDK-ASIC-Toolchain/designs/final_design/src/final_alu_runtime_top.v:854$99'.
  created $dff cell `$procdff$5743' with positive edge clock.
Creating register for signal `\final_alu_runtime_top.\cfg_clear_loaded' using process `\final_alu_runtime_top.$proc$/home/runner/work/LibreLane-Sky130PDK-ASIC-Toolchain/LibreLane-Sky130PDK-ASIC-Toolchain/designs/final_design/src/final_alu_runtime_top.v:854$99'.
  created $dff cell `$procdff$5744' with positive edge clock.
Creating register for signal `\final_alu_runtime_top.\config_valid_reg' using process `\final_alu_runtime_top.$proc$/home/runner/work/LibreLane-Sky130PDK-ASIC-Toolchain/LibreLane-Sky130PDK-ASIC-Toolchain/designs/final_design/src/final_alu_runtime_top.v:854$99'.
  created $dff cell `$procdff$5745' with positive edge clock.
Creating register for signal `\final_alu_runtime_top.\config_busy_reg' using process `\final_alu_runtime_top.$proc$/home/runner/work/LibreLane-Sky130PDK-ASIC-Toolchain/LibreLane-Sky130PDK-ASIC-Toolchain/designs/final_design/src/final_alu_runtime_top.v:854$99'.
  created $dff cell `$procdff$5746' with positive edge clock.
Creating register for signal `\final_alu_runtime_top.\config_busy_pad_reg' using process `\final_alu_runtime_top.$proc$/home/runner/work/LibreLane-Sky130PDK-ASIC-Toolchain/LibreLane-Sky130PDK-ASIC-Toolchain/designs/final_design/src/final_alu_runtime_top.v:854$99'.
  created $dff cell `$procdff$5747' with positive edge clock.
Creating register for signal `\final_alu_runtime_top.\config_error_reg' using process `\final_alu_runtime_top.$proc$/home/runner/work/LibreLane-Sky130PDK-ASIC-Toolchain/LibreLane-Sky130PDK-ASIC-Toolchain/designs/final_design/src/final_alu_runtime_top.v:854$99'.
  created $dff cell `$procdff$5748' with positive edge clock.
Creating register for signal `\final_alu_runtime_top.\config_error_code_reg' using process `\final_alu_runtime_top.$proc$/home/runner/work/LibreLane-Sky130PDK-ASIC-Toolchain/LibreLane-Sky130PDK-ASIC-Toolchain/designs/final_design/src/final_alu_runtime_top.v:854$99'.
  created $dff cell `$procdff$5749' with positive edge clock.
Creating register for signal `\final_alu_runtime_top.\csr_m0_read_reg' using process `\final_alu_runtime_top.$proc$/home/runner/work/LibreLane-Sky130PDK-ASIC-Toolchain/LibreLane-Sky130PDK-ASIC-Toolchain/designs/final_design/src/final_alu_runtime_top.v:854$99'.
  created $dff cell `$procdff$5750' with positive edge clock.
Creating register for signal `\final_alu_runtime_top.\csr_m1_read_reg' using process `\final_alu_runtime_top.$proc$/home/runner/work/LibreLane-Sky130PDK-ASIC-Toolchain/LibreLane-Sky130PDK-ASIC-Toolchain/designs/final_design/src/final_alu_runtime_top.v:854$99'.
  created $dff cell `$procdff$5751' with positive edge clock.
Creating register for signal `\final_alu_runtime_top.\csr_m2_read_reg' using process `\final_alu_runtime_top.$proc$/home/runner/work/LibreLane-Sky130PDK-ASIC-Toolchain/LibreLane-Sky130PDK-ASIC-Toolchain/designs/final_design/src/final_alu_runtime_top.v:854$99'.
  created $dff cell `$procdff$5752' with positive edge clock.
Creating register for signal `\final_alu_runtime_top.\csr_m3_read_reg' using process `\final_alu_runtime_top.$proc$/home/runner/work/LibreLane-Sky130PDK-ASIC-Toolchain/LibreLane-Sky130PDK-ASIC-Toolchain/designs/final_design/src/final_alu_runtime_top.v:854$99'.
  created $dff cell `$procdff$5753' with positive edge clock.
Creating register for signal `\final_alu_runtime_top.\csr_m4_read_reg' using process `\final_alu_runtime_top.$proc$/home/runner/work/LibreLane-Sky130PDK-ASIC-Toolchain/LibreLane-Sky130PDK-ASIC-Toolchain/designs/final_design/src/final_alu_runtime_top.v:854$99'.
  created $dff cell `$procdff$5754' with positive edge clock.
Creating register for signal `\final_alu_runtime_top.\csr_m5_read_reg' using process `\final_alu_runtime_top.$proc$/home/runner/work/LibreLane-Sky130PDK-ASIC-Toolchain/LibreLane-Sky130PDK-ASIC-Toolchain/designs/final_design/src/final_alu_runtime_top.v:854$99'.
  created $dff cell `$procdff$5755' with positive edge clock.
Creating register for signal `\final_alu_runtime_top.\csr_M_base_read_reg' using process `\final_alu_runtime_top.$proc$/home/runner/work/LibreLane-Sky130PDK-ASIC-Toolchain/LibreLane-Sky130PDK-ASIC-Toolchain/designs/final_design/src/final_alu_runtime_top.v:854$99'.
  created $dff cell `$procdff$5756' with positive edge clock.
Creating register for signal `\final_alu_runtime_top.\csr_half_range_read_reg' using process `\final_alu_runtime_top.$proc$/home/runner/work/LibreLane-Sky130PDK-ASIC-Toolchain/LibreLane-Sky130PDK-ASIC-Toolchain/designs/final_design/src/final_alu_runtime_top.v:854$99'.
  created $dff cell `$procdff$5757' with positive edge clock.
Creating register for signal `\final_alu_runtime_top.\csr_bitmap_read_reg' using process `\final_alu_runtime_top.$proc$/home/runner/work/LibreLane-Sky130PDK-ASIC-Toolchain/LibreLane-Sky130PDK-ASIC-Toolchain/designs/final_design/src/final_alu_runtime_top.v:854$99'.
  created $dff cell `$procdff$5758' with positive edge clock.
Creating register for signal `\final_alu_runtime_top.\op_M_base_hold' using process `\final_alu_runtime_top.$proc$/home/runner/work/LibreLane-Sky130PDK-ASIC-Toolchain/LibreLane-Sky130PDK-ASIC-Toolchain/designs/final_design/src/final_alu_runtime_top.v:854$99'.
  created $dff cell `$procdff$5759' with positive edge clock.
Creating register for signal `\final_alu_runtime_top.\op_half_range_hold' using process `\final_alu_runtime_top.$proc$/home/runner/work/LibreLane-Sky130PDK-ASIC-Toolchain/LibreLane-Sky130PDK-ASIC-Toolchain/designs/final_design/src/final_alu_runtime_top.v:854$99'.
  created $dff cell `$procdff$5760' with positive edge clock.
Creating register for signal `\final_alu_runtime_top.\op_busy_reg' using process `\final_alu_runtime_top.$proc$/home/runner/work/LibreLane-Sky130PDK-ASIC-Toolchain/LibreLane-Sky130PDK-ASIC-Toolchain/designs/final_design/src/final_alu_runtime_top.v:854$99'.
  created $dff cell `$procdff$5761' with positive edge clock.
Creating register for signal `\final_alu_runtime_top.\error_detected_reg' using process `\final_alu_runtime_top.$proc$/home/runner/work/LibreLane-Sky130PDK-ASIC-Toolchain/LibreLane-Sky130PDK-ASIC-Toolchain/designs/final_design/src/final_alu_runtime_top.v:854$99'.
  created $dff cell `$procdff$5762' with positive edge clock.
Creating register for signal `\final_alu_runtime_top.\corrected_reg' using process `\final_alu_runtime_top.$proc$/home/runner/work/LibreLane-Sky130PDK-ASIC-Toolchain/LibreLane-Sky130PDK-ASIC-Toolchain/designs/final_design/src/final_alu_runtime_top.v:854$99'.
  created $dff cell `$procdff$5763' with positive edge clock.
Creating register for signal `\final_alu_runtime_top.\valid_reg' using process `\final_alu_runtime_top.$proc$/home/runner/work/LibreLane-Sky130PDK-ASIC-Toolchain/LibreLane-Sky130PDK-ASIC-Toolchain/designs/final_design/src/final_alu_runtime_top.v:854$99'.
  created $dff cell `$procdff$5764' with positive edge clock.
Creating register for signal `\final_alu_runtime_top.\uncorrectable_reg' using process `\final_alu_runtime_top.$proc$/home/runner/work/LibreLane-Sky130PDK-ASIC-Toolchain/LibreLane-Sky130PDK-ASIC-Toolchain/designs/final_design/src/final_alu_runtime_top.v:854$99'.
  created $dff cell `$procdff$5765' with positive edge clock.
Creating register for signal `\final_alu_runtime_top.\last_mismatch_mask_reg' using process `\final_alu_runtime_top.$proc$/home/runner/work/LibreLane-Sky130PDK-ASIC-Toolchain/LibreLane-Sky130PDK-ASIC-Toolchain/designs/final_design/src/final_alu_runtime_top.v:854$99'.
  created $dff cell `$procdff$5766' with positive edge clock.
Creating register for signal `\final_alu_runtime_top.\last_mismatch_count_reg' using process `\final_alu_runtime_top.$proc$/home/runner/work/LibreLane-Sky130PDK-ASIC-Toolchain/LibreLane-Sky130PDK-ASIC-Toolchain/designs/final_design/src/final_alu_runtime_top.v:854$99'.
  created $dff cell `$procdff$5767' with positive edge clock.
Creating register for signal `\final_alu_runtime_top.\last_corrected_lane_mask_reg' using process `\final_alu_runtime_top.$proc$/home/runner/work/LibreLane-Sky130PDK-ASIC-Toolchain/LibreLane-Sky130PDK-ASIC-Toolchain/designs/final_design/src/final_alu_runtime_top.v:854$99'.
  created $dff cell `$procdff$5768' with positive edge clock.
Creating register for signal `\final_alu_runtime_top.\checker_start_reg' using process `\final_alu_runtime_top.$proc$/home/runner/work/LibreLane-Sky130PDK-ASIC-Toolchain/LibreLane-Sky130PDK-ASIC-Toolchain/designs/final_design/src/final_alu_runtime_top.v:854$99'.
  created $dff cell `$procdff$5769' with positive edge clock.
Creating register for signal `\final_alu_runtime_top.\precomp_start_reg' using process `\final_alu_runtime_top.$proc$/home/runner/work/LibreLane-Sky130PDK-ASIC-Toolchain/LibreLane-Sky130PDK-ASIC-Toolchain/designs/final_design/src/final_alu_runtime_top.v:854$99'.
  created $dff cell `$procdff$5770' with positive edge clock.
Creating register for signal `\final_alu_runtime_top.\enc_start_reg' using process `\final_alu_runtime_top.$proc$/home/runner/work/LibreLane-Sky130PDK-ASIC-Toolchain/LibreLane-Sky130PDK-ASIC-Toolchain/designs/final_design/src/final_alu_runtime_top.v:854$99'.
  created $dff cell `$procdff$5771' with positive edge clock.
Creating register for signal `\final_alu_runtime_top.\enc_select_b_reg' using process `\final_alu_runtime_top.$proc$/home/runner/work/LibreLane-Sky130PDK-ASIC-Toolchain/LibreLane-Sky130PDK-ASIC-Toolchain/designs/final_design/src/final_alu_runtime_top.v:854$99'.
  created $dff cell `$procdff$5772' with positive edge clock.
Creating register for signal `\final_alu_runtime_top.\a_res_flat_reg' using process `\final_alu_runtime_top.$proc$/home/runner/work/LibreLane-Sky130PDK-ASIC-Toolchain/LibreLane-Sky130PDK-ASIC-Toolchain/designs/final_design/src/final_alu_runtime_top.v:854$99'.
  created $dff cell `$procdff$5773' with positive edge clock.
Creating register for signal `\final_alu_runtime_top.\b_res_flat_reg' using process `\final_alu_runtime_top.$proc$/home/runner/work/LibreLane-Sky130PDK-ASIC-Toolchain/LibreLane-Sky130PDK-ASIC-Toolchain/designs/final_design/src/final_alu_runtime_top.v:854$99'.
  created $dff cell `$procdff$5774' with positive edge clock.
Creating register for signal `\final_alu_runtime_top.\slice_start_reg' using process `\final_alu_runtime_top.$proc$/home/runner/work/LibreLane-Sky130PDK-ASIC-Toolchain/LibreLane-Sky130PDK-ASIC-Toolchain/designs/final_design/src/final_alu_runtime_top.v:854$99'.
  created $dff cell `$procdff$5775' with positive edge clock.
Creating register for signal `\final_alu_runtime_top.\slice_z_res_hold' using process `\final_alu_runtime_top.$proc$/home/runner/work/LibreLane-Sky130PDK-ASIC-Toolchain/LibreLane-Sky130PDK-ASIC-Toolchain/designs/final_design/src/final_alu_runtime_top.v:854$99'.
  created $dff cell `$procdff$5776' with positive edge clock.
Creating register for signal `\final_alu_runtime_top.\slice_z_res_bit0_store_reg' using process `\final_alu_runtime_top.$proc$/home/runner/work/LibreLane-Sky130PDK-ASIC-Toolchain/LibreLane-Sky130PDK-ASIC-Toolchain/designs/final_design/src/final_alu_runtime_top.v:854$99'.
  created $dff cell `$procdff$5777' with positive edge clock.
Creating register for signal `\final_alu_runtime_top.\slice_z_res_bit2_store_reg' using process `\final_alu_runtime_top.$proc$/home/runner/work/LibreLane-Sky130PDK-ASIC-Toolchain/LibreLane-Sky130PDK-ASIC-Toolchain/designs/final_design/src/final_alu_runtime_top.v:854$99'.
  created $dff cell `$procdff$5778' with positive edge clock.
Creating register for signal `\final_alu_runtime_top.\slice_z_res_bit3_store_reg' using process `\final_alu_runtime_top.$proc$/home/runner/work/LibreLane-Sky130PDK-ASIC-Toolchain/LibreLane-Sky130PDK-ASIC-Toolchain/designs/final_design/src/final_alu_runtime_top.v:854$99'.
  created $dff cell `$procdff$5779' with positive edge clock.
Creating register for signal `\final_alu_runtime_top.\slice_a_reg' using process `\final_alu_runtime_top.$proc$/home/runner/work/LibreLane-Sky130PDK-ASIC-Toolchain/LibreLane-Sky130PDK-ASIC-Toolchain/designs/final_design/src/final_alu_runtime_top.v:854$99'.
  created $dff cell `$procdff$5780' with positive edge clock.
Creating register for signal `\final_alu_runtime_top.\slice_a_bit0_launch_reg' using process `\final_alu_runtime_top.$proc$/home/runner/work/LibreLane-Sky130PDK-ASIC-Toolchain/LibreLane-Sky130PDK-ASIC-Toolchain/designs/final_design/src/final_alu_runtime_top.v:854$99'.
  created $dff cell `$procdff$5781' with positive edge clock.
Creating register for signal `\final_alu_runtime_top.\slice_b_reg' using process `\final_alu_runtime_top.$proc$/home/runner/work/LibreLane-Sky130PDK-ASIC-Toolchain/LibreLane-Sky130PDK-ASIC-Toolchain/designs/final_design/src/final_alu_runtime_top.v:854$99'.
  created $dff cell `$procdff$5782' with positive edge clock.
Creating register for signal `\final_alu_runtime_top.\slice_m_reg' using process `\final_alu_runtime_top.$proc$/home/runner/work/LibreLane-Sky130PDK-ASIC-Toolchain/LibreLane-Sky130PDK-ASIC-Toolchain/designs/final_design/src/final_alu_runtime_top.v:854$99'.
  created $dff cell `$procdff$5783' with positive edge clock.
Creating register for signal `\final_alu_runtime_top.\op_sel_reg' using process `\final_alu_runtime_top.$proc$/home/runner/work/LibreLane-Sky130PDK-ASIC-Toolchain/LibreLane-Sky130PDK-ASIC-Toolchain/designs/final_design/src/final_alu_runtime_top.v:854$99'.
  created $dff cell `$procdff$5784' with positive edge clock.
Creating register for signal `\final_alu_runtime_top.\enc_operand_reg' using process `\final_alu_runtime_top.$proc$/home/runner/work/LibreLane-Sky130PDK-ASIC-Toolchain/LibreLane-Sky130PDK-ASIC-Toolchain/designs/final_design/src/final_alu_runtime_top.v:854$99'.
  created $dff cell `$procdff$5785' with positive edge clock.
Creating register for signal `\final_alu_runtime_top.\raw_range_error_reg' using process `\final_alu_runtime_top.$proc$/home/runner/work/LibreLane-Sky130PDK-ASIC-Toolchain/LibreLane-Sky130PDK-ASIC-Toolchain/designs/final_design/src/final_alu_runtime_top.v:854$99'.
  created $dff cell `$procdff$5786' with positive edge clock.
Creating register for signal `\final_alu_runtime_top.\op_range_start_reg' using process `\final_alu_runtime_top.$proc$/home/runner/work/LibreLane-Sky130PDK-ASIC-Toolchain/LibreLane-Sky130PDK-ASIC-Toolchain/designs/final_design/src/final_alu_runtime_top.v:854$99'.
  created $dff cell `$procdff$5787' with positive edge clock.
Creating register for signal `\final_alu_runtime_top.\z0_reg' using process `\final_alu_runtime_top.$proc$/home/runner/work/LibreLane-Sky130PDK-ASIC-Toolchain/LibreLane-Sky130PDK-ASIC-Toolchain/designs/final_design/src/final_alu_runtime_top.v:854$99'.
  created $dff cell `$procdff$5788' with positive edge clock.
Creating register for signal `\final_alu_runtime_top.\z1_reg' using process `\final_alu_runtime_top.$proc$/home/runner/work/LibreLane-Sky130PDK-ASIC-Toolchain/LibreLane-Sky130PDK-ASIC-Toolchain/designs/final_design/src/final_alu_runtime_top.v:854$99'.
  created $dff cell `$procdff$5789' with positive edge clock.
Creating register for signal `\final_alu_runtime_top.\z2_reg' using process `\final_alu_runtime_top.$proc$/home/runner/work/LibreLane-Sky130PDK-ASIC-Toolchain/LibreLane-Sky130PDK-ASIC-Toolchain/designs/final_design/src/final_alu_runtime_top.v:854$99'.
  created $dff cell `$procdff$5790' with positive edge clock.
Creating register for signal `\final_alu_runtime_top.\z3_reg' using process `\final_alu_runtime_top.$proc$/home/runner/work/LibreLane-Sky130PDK-ASIC-Toolchain/LibreLane-Sky130PDK-ASIC-Toolchain/designs/final_design/src/final_alu_runtime_top.v:854$99'.
  created $dff cell `$procdff$5791' with positive edge clock.
Creating register for signal `\final_alu_runtime_top.\z4_reg' using process `\final_alu_runtime_top.$proc$/home/runner/work/LibreLane-Sky130PDK-ASIC-Toolchain/LibreLane-Sky130PDK-ASIC-Toolchain/designs/final_design/src/final_alu_runtime_top.v:854$99'.
  created $dff cell `$procdff$5792' with positive edge clock.
Creating register for signal `\final_alu_runtime_top.\z5_reg' using process `\final_alu_runtime_top.$proc$/home/runner/work/LibreLane-Sky130PDK-ASIC-Toolchain/LibreLane-Sky130PDK-ASIC-Toolchain/designs/final_design/src/final_alu_runtime_top.v:854$99'.
  created $dff cell `$procdff$5793' with positive edge clock.
Creating register for signal `\final_alu_runtime_top.\corrector_start_reg' using process `\final_alu_runtime_top.$proc$/home/runner/work/LibreLane-Sky130PDK-ASIC-Toolchain/LibreLane-Sky130PDK-ASIC-Toolchain/designs/final_design/src/final_alu_runtime_top.v:854$99'.
  created $dff cell `$procdff$5794' with positive edge clock.
Creating register for signal `\final_alu_runtime_top.\corrector_candidate_base_hold' using process `\final_alu_runtime_top.$proc$/home/runner/work/LibreLane-Sky130PDK-ASIC-Toolchain/LibreLane-Sky130PDK-ASIC-Toolchain/designs/final_design/src/final_alu_runtime_top.v:854$99'.
  created $dff cell `$procdff$5795' with positive edge clock.
Creating register for signal `\final_alu_runtime_top.\corrector_residue_error_hold' using process `\final_alu_runtime_top.$proc$/home/runner/work/LibreLane-Sky130PDK-ASIC-Toolchain/LibreLane-Sky130PDK-ASIC-Toolchain/designs/final_design/src/final_alu_runtime_top.v:854$99'.
  created $dff cell `$procdff$5796' with positive edge clock.
Creating register for signal `\final_alu_runtime_top.\corrector_corrected_success_hold' using process `\final_alu_runtime_top.$proc$/home/runner/work/LibreLane-Sky130PDK-ASIC-Toolchain/LibreLane-Sky130PDK-ASIC-Toolchain/designs/final_design/src/final_alu_runtime_top.v:854$99'.
  created $dff cell `$procdff$5797' with positive edge clock.
Creating register for signal `\final_alu_runtime_top.\corrector_uncorrectable_hold' using process `\final_alu_runtime_top.$proc$/home/runner/work/LibreLane-Sky130PDK-ASIC-Toolchain/LibreLane-Sky130PDK-ASIC-Toolchain/designs/final_design/src/final_alu_runtime_top.v:854$99'.
  created $dff cell `$procdff$5798' with positive edge clock.
Creating register for signal `\final_alu_runtime_top.\corrector_lane_mask_hold' using process `\final_alu_runtime_top.$proc$/home/runner/work/LibreLane-Sky130PDK-ASIC-Toolchain/LibreLane-Sky130PDK-ASIC-Toolchain/designs/final_design/src/final_alu_runtime_top.v:854$99'.
  created $dff cell `$procdff$5799' with positive edge clock.
Creating register for signal `\final_alu_runtime_top.\corrector_mismatch_mask_hold' using process `\final_alu_runtime_top.$proc$/home/runner/work/LibreLane-Sky130PDK-ASIC-Toolchain/LibreLane-Sky130PDK-ASIC-Toolchain/designs/final_design/src/final_alu_runtime_top.v:854$99'.
  created $dff cell `$procdff$5800' with positive edge clock.
Creating register for signal `\final_alu_runtime_top.\corrector_mismatch_count_hold' using process `\final_alu_runtime_top.$proc$/home/runner/work/LibreLane-Sky130PDK-ASIC-Toolchain/LibreLane-Sky130PDK-ASIC-Toolchain/designs/final_design/src/final_alu_runtime_top.v:854$99'.
  created $dff cell `$procdff$5801' with positive edge clock.
Creating register for signal `\final_alu_runtime_top.\final_range_start_reg' using process `\final_alu_runtime_top.$proc$/home/runner/work/LibreLane-Sky130PDK-ASIC-Toolchain/LibreLane-Sky130PDK-ASIC-Toolchain/designs/final_design/src/final_alu_runtime_top.v:854$99'.
  created $dff cell `$procdff$5802' with positive edge clock.
Creating register for signal `\final_alu_runtime_top.\corr_m0_bit3_corrector_reg' using process `\final_alu_runtime_top.$proc$/home/runner/work/LibreLane-Sky130PDK-ASIC-Toolchain/LibreLane-Sky130PDK-ASIC-Toolchain/designs/final_design/src/final_alu_runtime_top.v:854$99'.
  created $dff cell `$procdff$5803' with positive edge clock.
Creating register for signal `\final_alu_runtime_top.\corr_m0_bit4_corrector_reg' using process `\final_alu_runtime_top.$proc$/home/runner/work/LibreLane-Sky130PDK-ASIC-Toolchain/LibreLane-Sky130PDK-ASIC-Toolchain/designs/final_design/src/final_alu_runtime_top.v:854$99'.
  created $dff cell `$procdff$5804' with positive edge clock.
Creating register for signal `\final_alu_runtime_top.\x_out_core_reg' using process `\final_alu_runtime_top.$proc$/home/runner/work/LibreLane-Sky130PDK-ASIC-Toolchain/LibreLane-Sky130PDK-ASIC-Toolchain/designs/final_design/src/final_alu_runtime_top.v:854$99'.
  created $dff cell `$procdff$5805' with positive edge clock.
Creating register for signal `\final_alu_runtime_top.\top_init_done_reg' using process `\final_alu_runtime_top.$proc$/home/runner/work/LibreLane-Sky130PDK-ASIC-Toolchain/LibreLane-Sky130PDK-ASIC-Toolchain/designs/final_design/src/final_alu_runtime_top.v:846$96'.
  created $dff cell `$procdff$5806' with positive edge clock.
Creating register for signal `\final_alu_runtime_top.\B_reg [23:20]' using process `\final_alu_runtime_top.$proc$/home/runner/work/LibreLane-Sky130PDK-ASIC-Toolchain/LibreLane-Sky130PDK-ASIC-Toolchain/designs/final_design/src/final_alu_runtime_top.v:835$95'.
  created $dff cell `$procdff$5807' with positive edge clock.
Creating register for signal `\final_alu_runtime_top.\B_reg [19:16]' using process `\final_alu_runtime_top.$proc$/home/runner/work/LibreLane-Sky130PDK-ASIC-Toolchain/LibreLane-Sky130PDK-ASIC-Toolchain/designs/final_design/src/final_alu_runtime_top.v:829$94'.
  created $dff cell `$procdff$5808' with positive edge clock.
Creating register for signal `\final_alu_runtime_top.\B_reg [15:8]' using process `\final_alu_runtime_top.$proc$/home/runner/work/LibreLane-Sky130PDK-ASIC-Toolchain/LibreLane-Sky130PDK-ASIC-Toolchain/designs/final_design/src/final_alu_runtime_top.v:823$93'.
  created $dff cell `$procdff$5809' with positive edge clock.
Creating register for signal `\final_alu_runtime_top.\B_reg [7:0]' using process `\final_alu_runtime_top.$proc$/home/runner/work/LibreLane-Sky130PDK-ASIC-Toolchain/LibreLane-Sky130PDK-ASIC-Toolchain/designs/final_design/src/final_alu_runtime_top.v:815$92'.
  created $dff cell `$procdff$5810' with positive edge clock.
Creating register for signal `\final_alu_runtime_top.\B_bit5_enc_reg' using process `\final_alu_runtime_top.$proc$/home/runner/work/LibreLane-Sky130PDK-ASIC-Toolchain/LibreLane-Sky130PDK-ASIC-Toolchain/designs/final_design/src/final_alu_runtime_top.v:815$92'.
  created $dff cell `$procdff$5811' with positive edge clock.
Creating register for signal `\final_alu_runtime_top.\B_bit4_enc_reg' using process `\final_alu_runtime_top.$proc$/home/runner/work/LibreLane-Sky130PDK-ASIC-Toolchain/LibreLane-Sky130PDK-ASIC-Toolchain/designs/final_design/src/final_alu_runtime_top.v:815$92'.
  created $dff cell `$procdff$5812' with positive edge clock.
Creating register for signal `\final_alu_runtime_top.\A_reg [23:20]' using process `\final_alu_runtime_top.$proc$/home/runner/work/LibreLane-Sky130PDK-ASIC-Toolchain/LibreLane-Sky130PDK-ASIC-Toolchain/designs/final_design/src/final_alu_runtime_top.v:809$91'.
  created $dff cell `$procdff$5813' with positive edge clock.
Creating register for signal `\final_alu_runtime_top.\A_reg [19:16]' using process `\final_alu_runtime_top.$proc$/home/runner/work/LibreLane-Sky130PDK-ASIC-Toolchain/LibreLane-Sky130PDK-ASIC-Toolchain/designs/final_design/src/final_alu_runtime_top.v:803$90'.
  created $dff cell `$procdff$5814' with positive edge clock.
Creating register for signal `\final_alu_runtime_top.\A_reg [15:8]' using process `\final_alu_runtime_top.$proc$/home/runner/work/LibreLane-Sky130PDK-ASIC-Toolchain/LibreLane-Sky130PDK-ASIC-Toolchain/designs/final_design/src/final_alu_runtime_top.v:797$89'.
  created $dff cell `$procdff$5815' with positive edge clock.
Creating register for signal `\final_alu_runtime_top.\A_reg [7:0]' using process `\final_alu_runtime_top.$proc$/home/runner/work/LibreLane-Sky130PDK-ASIC-Toolchain/LibreLane-Sky130PDK-ASIC-Toolchain/designs/final_design/src/final_alu_runtime_top.v:789$88'.
  created $dff cell `$procdff$5816' with positive edge clock.
Creating register for signal `\final_alu_runtime_top.\A_bit5_enc_reg' using process `\final_alu_runtime_top.$proc$/home/runner/work/LibreLane-Sky130PDK-ASIC-Toolchain/LibreLane-Sky130PDK-ASIC-Toolchain/designs/final_design/src/final_alu_runtime_top.v:789$88'.
  created $dff cell `$procdff$5817' with positive edge clock.
Creating register for signal `\final_alu_runtime_top.\A_bit4_enc_reg' using process `\final_alu_runtime_top.$proc$/home/runner/work/LibreLane-Sky130PDK-ASIC-Toolchain/LibreLane-Sky130PDK-ASIC-Toolchain/designs/final_design/src/final_alu_runtime_top.v:789$88'.
  created $dff cell `$procdff$5818' with positive edge clock.
Creating register for signal `\final_alu_runtime_top.\op_sel_slice_reg' using process `\final_alu_runtime_top.$proc$/home/runner/work/LibreLane-Sky130PDK-ASIC-Toolchain/LibreLane-Sky130PDK-ASIC-Toolchain/designs/final_design/src/final_alu_runtime_top.v:783$87'.
  created $dff cell `$procdff$5819' with positive edge clock.
Creating register for signal `\final_alu_runtime_top.\rst_main_n' using process `\final_alu_runtime_top.$proc$/home/runner/work/LibreLane-Sky130PDK-ASIC-Toolchain/LibreLane-Sky130PDK-ASIC-Toolchain/designs/final_design/src/final_alu_runtime_top.v:752$85'.
  created $dff cell `$procdff$5820' with positive edge clock.
Creating register for signal `\final_alu_runtime_top.\rst_cfgregs_n' using process `\final_alu_runtime_top.$proc$/home/runner/work/LibreLane-Sky130PDK-ASIC-Toolchain/LibreLane-Sky130PDK-ASIC-Toolchain/designs/final_design/src/final_alu_runtime_top.v:752$85'.
  created $dff cell `$procdff$5821' with positive edge clock.
Creating register for signal `\final_alu_runtime_top.\rst_cfgchk_n' using process `\final_alu_runtime_top.$proc$/home/runner/work/LibreLane-Sky130PDK-ASIC-Toolchain/LibreLane-Sky130PDK-ASIC-Toolchain/designs/final_design/src/final_alu_runtime_top.v:752$85'.
  created $dff cell `$procdff$5822' with positive edge clock.
Creating register for signal `\final_alu_runtime_top.\rst_precomp_n' using process `\final_alu_runtime_top.$proc$/home/runner/work/LibreLane-Sky130PDK-ASIC-Toolchain/LibreLane-Sky130PDK-ASIC-Toolchain/designs/final_design/src/final_alu_runtime_top.v:752$85'.
  created $dff cell `$procdff$5823' with positive edge clock.
Creating register for signal `\final_alu_runtime_top.\rst_encoder_n' using process `\final_alu_runtime_top.$proc$/home/runner/work/LibreLane-Sky130PDK-ASIC-Toolchain/LibreLane-Sky130PDK-ASIC-Toolchain/designs/final_design/src/final_alu_runtime_top.v:752$85'.
  created $dff cell `$procdff$5824' with positive edge clock.
Creating register for signal `\final_alu_runtime_top.\rst_slice_n' using process `\final_alu_runtime_top.$proc$/home/runner/work/LibreLane-Sky130PDK-ASIC-Toolchain/LibreLane-Sky130PDK-ASIC-Toolchain/designs/final_design/src/final_alu_runtime_top.v:752$85'.
  created $dff cell `$procdff$5825' with positive edge clock.
Creating register for signal `\final_alu_runtime_top.\rst_corrector_n' using process `\final_alu_runtime_top.$proc$/home/runner/work/LibreLane-Sky130PDK-ASIC-Toolchain/LibreLane-Sky130PDK-ASIC-Toolchain/designs/final_design/src/final_alu_runtime_top.v:752$85'.
  created $dff cell `$procdff$5826' with positive edge clock.
Creating register for signal `\final_alu_runtime_top.\cfg_rdata' using process `\final_alu_runtime_top.$proc$/home/runner/work/LibreLane-Sky130PDK-ASIC-Toolchain/LibreLane-Sky130PDK-ASIC-Toolchain/designs/final_design/src/final_alu_runtime_top.v:739$83'.
  created $dff cell `$procdff$5827' with positive edge clock.
Creating register for signal `\final_alu_runtime_top.\cfg_addr_read_reg' using process `\final_alu_runtime_top.$proc$/home/runner/work/LibreLane-Sky130PDK-ASIC-Toolchain/LibreLane-Sky130PDK-ASIC-Toolchain/designs/final_design/src/final_alu_runtime_top.v:739$83'.
  created $dff cell `$procdff$5828' with positive edge clock.
Creating register for signal `\final_alu_runtime_top.\cfg_read_pending_reg' using process `\final_alu_runtime_top.$proc$/home/runner/work/LibreLane-Sky130PDK-ASIC-Toolchain/LibreLane-Sky130PDK-ASIC-Toolchain/designs/final_design/src/final_alu_runtime_top.v:739$83'.
  created $dff cell `$procdff$5829' with positive edge clock.

14.10. Executing PROC_MEMWR pass (convert process memory writes to cells).

14.11. Executing PROC_CLEAN pass (remove empty switches from decision trees).
Found and cleaned up 4 empty switches in `$paramod\final_alu_cfg_regs\WM=s32'00000000000000000000000000000101.$proc$/home/runner/work/LibreLane-Sky130PDK-ASIC-Toolchain/LibreLane-Sky130PDK-ASIC-Toolchain/designs/final_design/src/final_alu_cfg_regs.v:25$419'.
Removing empty process `$paramod\final_alu_cfg_regs\WM=s32'00000000000000000000000000000101.$proc$/home/runner/work/LibreLane-Sky130PDK-ASIC-Toolchain/LibreLane-Sky130PDK-ASIC-Toolchain/designs/final_design/src/final_alu_cfg_regs.v:25$419'.
Found and cleaned up 10 empty switches in `$paramod$9b3939a60ab655ff6b5bd5df57c0bdbbd255081a\final_alu_cfg_checker.$proc$/home/runner/work/LibreLane-Sky130PDK-ASIC-Toolchain/LibreLane-Sky130PDK-ASIC-Toolchain/designs/final_design/src/final_alu_cfg_checker.v:121$403'.
Removing empty process `$paramod$9b3939a60ab655ff6b5bd5df57c0bdbbd255081a\final_alu_cfg_checker.$proc$/home/runner/work/LibreLane-Sky130PDK-ASIC-Toolchain/LibreLane-Sky130PDK-ASIC-Toolchain/designs/final_design/src/final_alu_cfg_checker.v:121$403'.
Removing empty process `$paramod$9b3939a60ab655ff6b5bd5df57c0bdbbd255081a\final_alu_cfg_checker.$proc$/home/runner/work/LibreLane-Sky130PDK-ASIC-Toolchain/LibreLane-Sky130PDK-ASIC-Toolchain/designs/final_design/src/final_alu_cfg_checker.v:116$401'.
Found and cleaned up 1 empty switch in `$paramod$9b3939a60ab655ff6b5bd5df57c0bdbbd255081a\final_alu_cfg_checker.$proc$/home/runner/work/LibreLane-Sky130PDK-ASIC-Toolchain/LibreLane-Sky130PDK-ASIC-Toolchain/designs/final_design/src/final_alu_cfg_checker.v:103$400'.
Removing empty process `$paramod$9b3939a60ab655ff6b5bd5df57c0bdbbd255081a\final_alu_cfg_checker.$proc$/home/runner/work/LibreLane-Sky130PDK-ASIC-Toolchain/LibreLane-Sky130PDK-ASIC-Toolchain/designs/final_design/src/final_alu_cfg_checker.v:103$400'.
Found and cleaned up 1 empty switch in `$paramod$9b3939a60ab655ff6b5bd5df57c0bdbbd255081a\final_alu_cfg_checker.$proc$/home/runner/work/LibreLane-Sky130PDK-ASIC-Toolchain/LibreLane-Sky130PDK-ASIC-Toolchain/designs/final_design/src/final_alu_cfg_checker.v:91$399'.
Removing empty process `$paramod$9b3939a60ab655ff6b5bd5df57c0bdbbd255081a\final_alu_cfg_checker.$proc$/home/runner/work/LibreLane-Sky130PDK-ASIC-Toolchain/LibreLane-Sky130PDK-ASIC-Toolchain/designs/final_design/src/final_alu_cfg_checker.v:91$399'.
Found and cleaned up 1 empty switch in `$paramod$9b3939a60ab655ff6b5bd5df57c0bdbbd255081a\final_alu_cfg_checker.$proc$/home/runner/work/LibreLane-Sky130PDK-ASIC-Toolchain/LibreLane-Sky130PDK-ASIC-Toolchain/designs/final_design/src/final_alu_cfg_checker.v:79$398'.
Removing empty process `$paramod$9b3939a60ab655ff6b5bd5df57c0bdbbd255081a\final_alu_cfg_checker.$proc$/home/runner/work/LibreLane-Sky130PDK-ASIC-Toolchain/LibreLane-Sky130PDK-ASIC-Toolchain/designs/final_design/src/final_alu_cfg_checker.v:79$398'.
Found and cleaned up 2 empty switches in `$paramod$4189ba8f5f2c2b48a04fc022fed7b1fdd11c3d0e\final_alu_cfg_precompute.$proc$/home/runner/work/LibreLane-Sky130PDK-ASIC-Toolchain/LibreLane-Sky130PDK-ASIC-Toolchain/designs/final_design/src/final_alu_cfg_precompute.v:24$393'.
Removing empty process `$paramod$4189ba8f5f2c2b48a04fc022fed7b1fdd11c3d0e\final_alu_cfg_precompute.$proc$/home/runner/work/LibreLane-Sky130PDK-ASIC-Toolchain/LibreLane-Sky130PDK-ASIC-Toolchain/designs/final_design/src/final_alu_cfg_precompute.v:24$393'.
Found and cleaned up 11 empty switches in `$paramod$a1eea2f2e8d1a342568fc48780b8e97a0b12c301\final_alu_op_range_guard.$proc$/home/runner/work/LibreLane-Sky130PDK-ASIC-Toolchain/LibreLane-Sky130PDK-ASIC-Toolchain/designs/final_design/src/final_alu_op_range_guard.v:88$384'.
Removing empty process `$paramod$a1eea2f2e8d1a342568fc48780b8e97a0b12c301\final_alu_op_range_guard.$proc$/home/runner/work/LibreLane-Sky130PDK-ASIC-Toolchain/LibreLane-Sky130PDK-ASIC-Toolchain/designs/final_design/src/final_alu_op_range_guard.v:88$384'.
Found and cleaned up 7 empty switches in `$paramod$3d5933457824fda5c29cfed42e669bf3c7234f6e\final_alu_encoder_runtime.$proc$/home/runner/work/LibreLane-Sky130PDK-ASIC-Toolchain/LibreLane-Sky130PDK-ASIC-Toolchain/designs/final_design/src/final_alu_encoder_runtime.v:73$350'.
Removing empty process `$paramod$3d5933457824fda5c29cfed42e669bf3c7234f6e\final_alu_encoder_runtime.$proc$/home/runner/work/LibreLane-Sky130PDK-ASIC-Toolchain/LibreLane-Sky130PDK-ASIC-Toolchain/designs/final_design/src/final_alu_encoder_runtime.v:73$350'.
Found and cleaned up 4 empty switches in `$paramod$3d5933457824fda5c29cfed42e669bf3c7234f6e\final_alu_encoder_runtime.$proc$/home/runner/work/LibreLane-Sky130PDK-ASIC-Toolchain/LibreLane-Sky130PDK-ASIC-Toolchain/designs/final_design/src/final_alu_encoder_runtime.v:54$342'.
Removing empty process `$paramod$3d5933457824fda5c29cfed42e669bf3c7234f6e\final_alu_encoder_runtime.$proc$/home/runner/work/LibreLane-Sky130PDK-ASIC-Toolchain/LibreLane-Sky130PDK-ASIC-Toolchain/designs/final_design/src/final_alu_encoder_runtime.v:54$342'.
Found and cleaned up 2 empty switches in `$paramod\final_alu_slice_runtime\WM=s32'00000000000000000000000000000101.$proc$/home/runner/work/LibreLane-Sky130PDK-ASIC-Toolchain/LibreLane-Sky130PDK-ASIC-Toolchain/designs/final_design/src/final_alu_slice_runtime.v:0$323'.
Removing empty process `$paramod\final_alu_slice_runtime\WM=s32'00000000000000000000000000000101.$proc$/home/runner/work/LibreLane-Sky130PDK-ASIC-Toolchain/LibreLane-Sky130PDK-ASIC-Toolchain/designs/final_design/src/final_alu_slice_runtime.v:0$323'.
Found and cleaned up 2 empty switches in `$paramod\final_alu_slice_runtime\WM=s32'00000000000000000000000000000101.$proc$/home/runner/work/LibreLane-Sky130PDK-ASIC-Toolchain/LibreLane-Sky130PDK-ASIC-Toolchain/designs/final_design/src/final_alu_slice_runtime.v:0$307'.
Removing empty process `$paramod\final_alu_slice_runtime\WM=s32'00000000000000000000000000000101.$proc$/home/runner/work/LibreLane-Sky130PDK-ASIC-Toolchain/LibreLane-Sky130PDK-ASIC-Toolchain/designs/final_design/src/final_alu_slice_runtime.v:0$307'.
Found and cleaned up 2 empty switches in `$paramod\final_alu_slice_runtime\WM=s32'00000000000000000000000000000101.$proc$/home/runner/work/LibreLane-Sky130PDK-ASIC-Toolchain/LibreLane-Sky130PDK-ASIC-Toolchain/designs/final_design/src/final_alu_slice_runtime.v:0$291'.
Removing empty process `$paramod\final_alu_slice_runtime\WM=s32'00000000000000000000000000000101.$proc$/home/runner/work/LibreLane-Sky130PDK-ASIC-Toolchain/LibreLane-Sky130PDK-ASIC-Toolchain/designs/final_design/src/final_alu_slice_runtime.v:0$291'.
Found and cleaned up 2 empty switches in `$paramod\final_alu_slice_runtime\WM=s32'00000000000000000000000000000101.$proc$/home/runner/work/LibreLane-Sky130PDK-ASIC-Toolchain/LibreLane-Sky130PDK-ASIC-Toolchain/designs/final_design/src/final_alu_slice_runtime.v:0$275'.
Removing empty process `$paramod\final_alu_slice_runtime\WM=s32'00000000000000000000000000000101.$proc$/home/runner/work/LibreLane-Sky130PDK-ASIC-Toolchain/LibreLane-Sky130PDK-ASIC-Toolchain/designs/final_design/src/final_alu_slice_runtime.v:0$275'.
Found and cleaned up 5 empty switches in `$paramod\final_alu_slice_runtime\WM=s32'00000000000000000000000000000101.$proc$/home/runner/work/LibreLane-Sky130PDK-ASIC-Toolchain/LibreLane-Sky130PDK-ASIC-Toolchain/designs/final_design/src/final_alu_slice_runtime.v:139$271'.
Removing empty process `$paramod\final_alu_slice_runtime\WM=s32'00000000000000000000000000000101.$proc$/home/runner/work/LibreLane-Sky130PDK-ASIC-Toolchain/LibreLane-Sky130PDK-ASIC-Toolchain/designs/final_design/src/final_alu_slice_runtime.v:139$271'.
Found and cleaned up 6 empty switches in `$paramod\final_alu_slice_runtime\WM=s32'00000000000000000000000000000101.$proc$/home/runner/work/LibreLane-Sky130PDK-ASIC-Toolchain/LibreLane-Sky130PDK-ASIC-Toolchain/designs/final_design/src/final_alu_slice_runtime.v:98$266'.
Removing empty process `$paramod\final_alu_slice_runtime\WM=s32'00000000000000000000000000000101.$proc$/home/runner/work/LibreLane-Sky130PDK-ASIC-Toolchain/LibreLane-Sky130PDK-ASIC-Toolchain/designs/final_design/src/final_alu_slice_runtime.v:98$266'.
Found and cleaned up 26 empty switches in `$paramod$4189ba8f5f2c2b48a04fc022fed7b1fdd11c3d0e\final_alu_corrector_search_v18.$proc$/home/runner/work/LibreLane-Sky130PDK-ASIC-Toolchain/LibreLane-Sky130PDK-ASIC-Toolchain/designs/final_design/src/final_alu_corrector_search.v:193$188'.
Removing empty process `$paramod$4189ba8f5f2c2b48a04fc022fed7b1fdd11c3d0e\final_alu_corrector_search_v18.$proc$/home/runner/work/LibreLane-Sky130PDK-ASIC-Toolchain/LibreLane-Sky130PDK-ASIC-Toolchain/designs/final_design/src/final_alu_corrector_search.v:193$188'.
Found and cleaned up 8 empty switches in `$paramod$4189ba8f5f2c2b48a04fc022fed7b1fdd11c3d0e\final_alu_corrector_search_v18.$proc$/home/runner/work/LibreLane-Sky130PDK-ASIC-Toolchain/LibreLane-Sky130PDK-ASIC-Toolchain/designs/final_design/src/final_alu_corrector_search.v:131$183'.
Removing empty process `$paramod$4189ba8f5f2c2b48a04fc022fed7b1fdd11c3d0e\final_alu_corrector_search_v18.$proc$/home/runner/work/LibreLane-Sky130PDK-ASIC-Toolchain/LibreLane-Sky130PDK-ASIC-Toolchain/designs/final_design/src/final_alu_corrector_search.v:131$183'.
Found and cleaned up 6 empty switches in `$paramod$4189ba8f5f2c2b48a04fc022fed7b1fdd11c3d0e\final_alu_corrector_search_v18.$proc$/home/runner/work/LibreLane-Sky130PDK-ASIC-Toolchain/LibreLane-Sky130PDK-ASIC-Toolchain/designs/final_design/src/final_alu_corrector_search.v:118$170'.
Removing empty process `$paramod$4189ba8f5f2c2b48a04fc022fed7b1fdd11c3d0e\final_alu_corrector_search_v18.$proc$/home/runner/work/LibreLane-Sky130PDK-ASIC-Toolchain/LibreLane-Sky130PDK-ASIC-Toolchain/designs/final_design/src/final_alu_corrector_search.v:118$170'.
Found and cleaned up 1 empty switch in `$paramod$a1eea2f2e8d1a342568fc48780b8e97a0b12c301\final_alu_range_check.$proc$/home/runner/work/LibreLane-Sky130PDK-ASIC-Toolchain/LibreLane-Sky130PDK-ASIC-Toolchain/designs/final_design/src/final_alu_range_check.v:20$149'.
Removing empty process `$paramod$a1eea2f2e8d1a342568fc48780b8e97a0b12c301\final_alu_range_check.$proc$/home/runner/work/LibreLane-Sky130PDK-ASIC-Toolchain/LibreLane-Sky130PDK-ASIC-Toolchain/designs/final_design/src/final_alu_range_check.v:20$149'.
Found and cleaned up 1 empty switch in `\final_alu_runtime_top.$proc$/home/runner/work/LibreLane-Sky130PDK-ASIC-Toolchain/LibreLane-Sky130PDK-ASIC-Toolchain/designs/final_design/src/final_alu_runtime_top.v:0$143'.
Removing empty process `final_alu_runtime_top.$proc$/home/runner/work/LibreLane-Sky130PDK-ASIC-Toolchain/LibreLane-Sky130PDK-ASIC-Toolchain/designs/final_design/src/final_alu_runtime_top.v:0$143'.
Found and cleaned up 1 empty switch in `\final_alu_runtime_top.$proc$/home/runner/work/LibreLane-Sky130PDK-ASIC-Toolchain/LibreLane-Sky130PDK-ASIC-Toolchain/designs/final_design/src/final_alu_runtime_top.v:0$137'.
Removing empty process `final_alu_runtime_top.$proc$/home/runner/work/LibreLane-Sky130PDK-ASIC-Toolchain/LibreLane-Sky130PDK-ASIC-Toolchain/designs/final_design/src/final_alu_runtime_top.v:0$137'.
Found and cleaned up 1 empty switch in `\final_alu_runtime_top.$proc$/home/runner/work/LibreLane-Sky130PDK-ASIC-Toolchain/LibreLane-Sky130PDK-ASIC-Toolchain/designs/final_design/src/final_alu_runtime_top.v:0$132'.
Removing empty process `final_alu_runtime_top.$proc$/home/runner/work/LibreLane-Sky130PDK-ASIC-Toolchain/LibreLane-Sky130PDK-ASIC-Toolchain/designs/final_design/src/final_alu_runtime_top.v:0$132'.
Found and cleaned up 1 empty switch in `\final_alu_runtime_top.$proc$/home/runner/work/LibreLane-Sky130PDK-ASIC-Toolchain/LibreLane-Sky130PDK-ASIC-Toolchain/designs/final_design/src/final_alu_runtime_top.v:0$127'.
Removing empty process `final_alu_runtime_top.$proc$/home/runner/work/LibreLane-Sky130PDK-ASIC-Toolchain/LibreLane-Sky130PDK-ASIC-Toolchain/designs/final_design/src/final_alu_runtime_top.v:0$127'.
Found and cleaned up 20 empty switches in `\final_alu_runtime_top.$proc$/home/runner/work/LibreLane-Sky130PDK-ASIC-Toolchain/LibreLane-Sky130PDK-ASIC-Toolchain/designs/final_design/src/final_alu_runtime_top.v:854$99'.
Removing empty process `final_alu_runtime_top.$proc$/home/runner/work/LibreLane-Sky130PDK-ASIC-Toolchain/LibreLane-Sky130PDK-ASIC-Toolchain/designs/final_design/src/final_alu_runtime_top.v:854$99'.
Found and cleaned up 2 empty switches in `\final_alu_runtime_top.$proc$/home/runner/work/LibreLane-Sky130PDK-ASIC-Toolchain/LibreLane-Sky130PDK-ASIC-Toolchain/designs/final_design/src/final_alu_runtime_top.v:846$96'.
Removing empty process `final_alu_runtime_top.$proc$/home/runner/work/LibreLane-Sky130PDK-ASIC-Toolchain/LibreLane-Sky130PDK-ASIC-Toolchain/designs/final_design/src/final_alu_runtime_top.v:846$96'.
Found and cleaned up 1 empty switch in `\final_alu_runtime_top.$proc$/home/runner/work/LibreLane-Sky130PDK-ASIC-Toolchain/LibreLane-Sky130PDK-ASIC-Toolchain/designs/final_design/src/final_alu_runtime_top.v:835$95'.
Removing empty process `final_alu_runtime_top.$proc$/home/runner/work/LibreLane-Sky130PDK-ASIC-Toolchain/LibreLane-Sky130PDK-ASIC-Toolchain/designs/final_design/src/final_alu_runtime_top.v:835$95'.
Found and cleaned up 1 empty switch in `\final_alu_runtime_top.$proc$/home/runner/work/LibreLane-Sky130PDK-ASIC-Toolchain/LibreLane-Sky130PDK-ASIC-Toolchain/designs/final_design/src/final_alu_runtime_top.v:829$94'.
Removing empty process `final_alu_runtime_top.$proc$/home/runner/work/LibreLane-Sky130PDK-ASIC-Toolchain/LibreLane-Sky130PDK-ASIC-Toolchain/designs/final_design/src/final_alu_runtime_top.v:829$94'.
Found and cleaned up 1 empty switch in `\final_alu_runtime_top.$proc$/home/runner/work/LibreLane-Sky130PDK-ASIC-Toolchain/LibreLane-Sky130PDK-ASIC-Toolchain/designs/final_design/src/final_alu_runtime_top.v:823$93'.
Removing empty process `final_alu_runtime_top.$proc$/home/runner/work/LibreLane-Sky130PDK-ASIC-Toolchain/LibreLane-Sky130PDK-ASIC-Toolchain/designs/final_design/src/final_alu_runtime_top.v:823$93'.
Found and cleaned up 1 empty switch in `\final_alu_runtime_top.$proc$/home/runner/work/LibreLane-Sky130PDK-ASIC-Toolchain/LibreLane-Sky130PDK-ASIC-Toolchain/designs/final_design/src/final_alu_runtime_top.v:815$92'.
Removing empty process `final_alu_runtime_top.$proc$/home/runner/work/LibreLane-Sky130PDK-ASIC-Toolchain/LibreLane-Sky130PDK-ASIC-Toolchain/designs/final_design/src/final_alu_runtime_top.v:815$92'.
Found and cleaned up 1 empty switch in `\final_alu_runtime_top.$proc$/home/runner/work/LibreLane-Sky130PDK-ASIC-Toolchain/LibreLane-Sky130PDK-ASIC-Toolchain/designs/final_design/src/final_alu_runtime_top.v:809$91'.
Removing empty process `final_alu_runtime_top.$proc$/home/runner/work/LibreLane-Sky130PDK-ASIC-Toolchain/LibreLane-Sky130PDK-ASIC-Toolchain/designs/final_design/src/final_alu_runtime_top.v:809$91'.
Found and cleaned up 1 empty switch in `\final_alu_runtime_top.$proc$/home/runner/work/LibreLane-Sky130PDK-ASIC-Toolchain/LibreLane-Sky130PDK-ASIC-Toolchain/designs/final_design/src/final_alu_runtime_top.v:803$90'.
Removing empty process `final_alu_runtime_top.$proc$/home/runner/work/LibreLane-Sky130PDK-ASIC-Toolchain/LibreLane-Sky130PDK-ASIC-Toolchain/designs/final_design/src/final_alu_runtime_top.v:803$90'.
Found and cleaned up 1 empty switch in `\final_alu_runtime_top.$proc$/home/runner/work/LibreLane-Sky130PDK-ASIC-Toolchain/LibreLane-Sky130PDK-ASIC-Toolchain/designs/final_design/src/final_alu_runtime_top.v:797$89'.
Removing empty process `final_alu_runtime_top.$proc$/home/runner/work/LibreLane-Sky130PDK-ASIC-Toolchain/LibreLane-Sky130PDK-ASIC-Toolchain/designs/final_design/src/final_alu_runtime_top.v:797$89'.
Found and cleaned up 1 empty switch in `\final_alu_runtime_top.$proc$/home/runner/work/LibreLane-Sky130PDK-ASIC-Toolchain/LibreLane-Sky130PDK-ASIC-Toolchain/designs/final_design/src/final_alu_runtime_top.v:789$88'.
Removing empty process `final_alu_runtime_top.$proc$/home/runner/work/LibreLane-Sky130PDK-ASIC-Toolchain/LibreLane-Sky130PDK-ASIC-Toolchain/designs/final_design/src/final_alu_runtime_top.v:789$88'.
Found and cleaned up 1 empty switch in `\final_alu_runtime_top.$proc$/home/runner/work/LibreLane-Sky130PDK-ASIC-Toolchain/LibreLane-Sky130PDK-ASIC-Toolchain/designs/final_design/src/final_alu_runtime_top.v:783$87'.
Removing empty process `final_alu_runtime_top.$proc$/home/runner/work/LibreLane-Sky130PDK-ASIC-Toolchain/LibreLane-Sky130PDK-ASIC-Toolchain/designs/final_design/src/final_alu_runtime_top.v:783$87'.
Found and cleaned up 1 empty switch in `\final_alu_runtime_top.$proc$/home/runner/work/LibreLane-Sky130PDK-ASIC-Toolchain/LibreLane-Sky130PDK-ASIC-Toolchain/designs/final_design/src/final_alu_runtime_top.v:752$85'.
Removing empty process `final_alu_runtime_top.$proc$/home/runner/work/LibreLane-Sky130PDK-ASIC-Toolchain/LibreLane-Sky130PDK-ASIC-Toolchain/designs/final_design/src/final_alu_runtime_top.v:752$85'.
Found and cleaned up 3 empty switches in `\final_alu_runtime_top.$proc$/home/runner/work/LibreLane-Sky130PDK-ASIC-Toolchain/LibreLane-Sky130PDK-ASIC-Toolchain/designs/final_design/src/final_alu_runtime_top.v:739$83'.
Removing empty process `final_alu_runtime_top.$proc$/home/runner/work/LibreLane-Sky130PDK-ASIC-Toolchain/LibreLane-Sky130PDK-ASIC-Toolchain/designs/final_design/src/final_alu_runtime_top.v:739$83'.
Found and cleaned up 1 empty switch in `\final_alu_runtime_top.$proc$/home/runner/work/LibreLane-Sky130PDK-ASIC-Toolchain/LibreLane-Sky130PDK-ASIC-Toolchain/designs/final_design/src/final_alu_runtime_top.v:713$82'.
Removing empty process `final_alu_runtime_top.$proc$/home/runner/work/LibreLane-Sky130PDK-ASIC-Toolchain/LibreLane-Sky130PDK-ASIC-Toolchain/designs/final_design/src/final_alu_runtime_top.v:713$82'.
Cleaned up 141 empty switches.

14.12. Executing OPT_EXPR pass (perform const folding).
Optimizing module $paramod\final_alu_cfg_regs\WM=s32'00000000000000000000000000000101.
<suppressed ~14 debug messages>
Optimizing module $paramod$9b3939a60ab655ff6b5bd5df57c0bdbbd255081a\final_alu_cfg_checker.
<suppressed ~26 debug messages>
Optimizing module $paramod$4189ba8f5f2c2b48a04fc022fed7b1fdd11c3d0e\final_alu_cfg_precompute.
<suppressed ~3 debug messages>
Optimizing module $paramod$a1eea2f2e8d1a342568fc48780b8e97a0b12c301\final_alu_op_range_guard.
<suppressed ~12 debug messages>
Optimizing module $paramod$3d5933457824fda5c29cfed42e669bf3c7234f6e\final_alu_encoder_runtime.
<suppressed ~20 debug messages>
Optimizing module $paramod\final_alu_slice_runtime\WM=s32'00000000000000000000000000000101.
<suppressed ~9 debug messages>
Optimizing module $paramod$4189ba8f5f2c2b48a04fc022fed7b1fdd11c3d0e\final_alu_corrector_search_v18.
<suppressed ~46 debug messages>
Optimizing module $paramod$a1eea2f2e8d1a342568fc48780b8e97a0b12c301\final_alu_range_check.
Optimizing module $paramod$7fc61225471e37c5061c2290377709fe8f34c170\final_alu_runtime_cu.
Optimizing module final_alu_runtime_top.
<suppressed ~141 debug messages>

15. Executing OPT pass (performing simple optimizations).

15.1. Executing OPT_EXPR pass (perform const folding).
Optimizing module $paramod\final_alu_cfg_regs\WM=s32'00000000000000000000000000000101.
Optimizing module $paramod$9b3939a60ab655ff6b5bd5df57c0bdbbd255081a\final_alu_cfg_checker.
Optimizing module $paramod$4189ba8f5f2c2b48a04fc022fed7b1fdd11c3d0e\final_alu_cfg_precompute.
Optimizing module $paramod$a1eea2f2e8d1a342568fc48780b8e97a0b12c301\final_alu_op_range_guard.
Optimizing module $paramod$3d5933457824fda5c29cfed42e669bf3c7234f6e\final_alu_encoder_runtime.
Optimizing module $paramod\final_alu_slice_runtime\WM=s32'00000000000000000000000000000101.
Optimizing module $paramod$4189ba8f5f2c2b48a04fc022fed7b1fdd11c3d0e\final_alu_corrector_search_v18.
Optimizing module $paramod$a1eea2f2e8d1a342568fc48780b8e97a0b12c301\final_alu_range_check.
Optimizing module $paramod$7fc61225471e37c5061c2290377709fe8f34c170\final_alu_runtime_cu.
Optimizing module final_alu_runtime_top.

15.2. Executing OPT_MERGE pass (detect identical cells).
Finding identical cells in module `$paramod\final_alu_cfg_regs\WM=s32'00000000000000000000000000000101'.
<suppressed ~27 debug messages>
Finding identical cells in module `$paramod$9b3939a60ab655ff6b5bd5df57c0bdbbd255081a\final_alu_cfg_checker'.
<suppressed ~114 debug messages>
Finding identical cells in module `$paramod$4189ba8f5f2c2b48a04fc022fed7b1fdd11c3d0e\final_alu_cfg_precompute'.
Finding identical cells in module `$paramod$a1eea2f2e8d1a342568fc48780b8e97a0b12c301\final_alu_op_range_guard'.
<suppressed ~39 debug messages>
Finding identical cells in module `$paramod$3d5933457824fda5c29cfed42e669bf3c7234f6e\final_alu_encoder_runtime'.
<suppressed ~87 debug messages>
Finding identical cells in module `$paramod\final_alu_slice_runtime\WM=s32'00000000000000000000000000000101'.
<suppressed ~60 debug messages>
Finding identical cells in module `$paramod$4189ba8f5f2c2b48a04fc022fed7b1fdd11c3d0e\final_alu_corrector_search_v18'.
<suppressed ~225 debug messages>
Finding identical cells in module `$paramod$a1eea2f2e8d1a342568fc48780b8e97a0b12c301\final_alu_range_check'.
Finding identical cells in module `$paramod$7fc61225471e37c5061c2290377709fe8f34c170\final_alu_runtime_cu'.
Finding identical cells in module `\final_alu_runtime_top'.
<suppressed ~678 debug messages>
Removed a total of 410 cells.

15.3. Executing OPT_MUXTREE pass (detect dead branches in mux trees).
Running muxtree optimizer on module $paramod\final_alu_cfg_regs\WM=s32'00000000000000000000000000000101..
  Creating internal representation of mux trees.
  Evaluating internal representation of mux trees.
  Analyzing evaluation results.
Running muxtree optimizer on module $paramod$9b3939a60ab655ff6b5bd5df57c0bdbbd255081a\final_alu_cfg_checker..
  Creating internal representation of mux trees.
  Evaluating internal representation of mux trees.
  Analyzing evaluation results.
Running muxtree optimizer on module $paramod$4189ba8f5f2c2b48a04fc022fed7b1fdd11c3d0e\final_alu_cfg_precompute..
  Creating internal representation of mux trees.
  Evaluating internal representation of mux trees.
  Analyzing evaluation results.
Running muxtree optimizer on module $paramod$a1eea2f2e8d1a342568fc48780b8e97a0b12c301\final_alu_op_range_guard..
  Creating internal representation of mux trees.
  Evaluating internal representation of mux trees.
      Replacing known input bits on port A of cell $ternary$/home/runner/work/LibreLane-Sky130PDK-ASIC-Toolchain/LibreLane-Sky130PDK-ASIC-Toolchain/designs/final_design/src/final_alu_op_range_guard.v:65$371: \B_in -> { 1'0 \B_in [22:0] }
      Replacing known input bits on port A of cell $ternary$/home/runner/work/LibreLane-Sky130PDK-ASIC-Toolchain/LibreLane-Sky130PDK-ASIC-Toolchain/designs/final_design/src/final_alu_op_range_guard.v:64$368: \A_in -> { 1'0 \A_in [22:0] }
  Analyzing evaluation results.
Running muxtree optimizer on module $paramod$3d5933457824fda5c29cfed42e669bf3c7234f6e\final_alu_encoder_runtime..
  Creating internal representation of mux trees.
  Evaluating internal representation of mux trees.
      Replacing known input bits on port A of cell $ternary$/home/runner/work/LibreLane-Sky130PDK-ASIC-Toolchain/LibreLane-Sky130PDK-ASIC-Toolchain/designs/final_design/src/final_alu_encoder_runtime.v:52$341: \x_in -> { 1'0 \x_in [22:0] }
  Analyzing evaluation results.
    dead port 1/2 on $mux $procmux$1379.
    dead port 1/2 on $mux $procmux$1370.
Running muxtree optimizer on module $paramod\final_alu_slice_runtime\WM=s32'00000000000000000000000000000101..
  Creating internal representation of mux trees.
  Evaluating internal representation of mux trees.
  Analyzing evaluation results.
    dead port 1/2 on $mux $procmux$1445.
    dead port 2/2 on $mux $procmux$1445.
    dead port 1/2 on $mux $procmux$1442.
    dead port 2/2 on $mux $procmux$1442.
    dead port 1/2 on $mux $procmux$1436.
    dead port 1/2 on $mux $procmux$1430.
    dead port 2/2 on $mux $procmux$1430.
    dead port 1/2 on $mux $procmux$1424.
    dead port 2/2 on $mux $procmux$1424.
    dead port 1/2 on $mux $procmux$1421.
    dead port 2/2 on $mux $procmux$1421.
    dead port 1/2 on $mux $procmux$1418.
    dead port 1/2 on $mux $procmux$1412.
    dead port 2/2 on $mux $procmux$1412.
    dead port 1/2 on $mux $procmux$1409.
    dead port 2/2 on $mux $procmux$1409.
    dead port 1/2 on $mux $procmux$1403.
    dead port 1/2 on $mux $procmux$1397.
    dead port 2/2 on $mux $procmux$1397.
    dead port 1/2 on $mux $procmux$1394.
    dead port 2/2 on $mux $procmux$1394.
    dead port 1/2 on $mux $procmux$1388.
Running muxtree optimizer on module $paramod$4189ba8f5f2c2b48a04fc022fed7b1fdd11c3d0e\final_alu_corrector_search_v18..
  Creating internal representation of mux trees.
  Evaluating internal representation of mux trees.
  Analyzing evaluation results.
Running muxtree optimizer on module $paramod$a1eea2f2e8d1a342568fc48780b8e97a0b12c301\final_alu_range_check..
  Creating internal representation of mux trees.
  Evaluating internal representation of mux trees.
  Analyzing evaluation results.
Running muxtree optimizer on module $paramod$7fc61225471e37c5061c2290377709fe8f34c170\final_alu_runtime_cu..
  Creating internal representation of mux trees.
  No muxes found in this module.
Running muxtree optimizer on module \final_alu_runtime_top..
  Creating internal representation of mux trees.
  Evaluating internal representation of mux trees.
      Replacing known input bits on port B of cell $procmux$5541: \top_init_done_reg -> 1'1
  Analyzing evaluation results.
Removed 24 multiplexer ports.
<suppressed ~257 debug messages>

15.4. Executing OPT_REDUCE pass (consolidate $*mux and $reduce_* inputs).
  Optimizing cells in module $paramod\final_alu_cfg_regs\WM=s32'00000000000000000000000000000101.
    New ctrl vector for $pmux cell $procmux$425: $auto$opt_reduce.cc:134:opt_pmux$5831
  Optimizing cells in module $paramod\final_alu_cfg_regs\WM=s32'00000000000000000000000000000101.
  Optimizing cells in module $paramod$9b3939a60ab655ff6b5bd5df57c0bdbbd255081a\final_alu_cfg_checker.
    New ctrl vector for $pmux cell $procmux$856: { $procmux$918_CMP $procmux$905_CMP $procmux$901_CMP $procmux$869_CMP $procmux$897_CMP $auto$opt_reduce.cc:134:opt_pmux$5833 }
    New ctrl vector for $pmux cell $procmux$535: $auto$opt_reduce.cc:134:opt_pmux$5835
  Optimizing cells in module $paramod$9b3939a60ab655ff6b5bd5df57c0bdbbd255081a\final_alu_cfg_checker.
  Optimizing cells in module $paramod$4189ba8f5f2c2b48a04fc022fed7b1fdd11c3d0e\final_alu_cfg_precompute.
  Optimizing cells in module $paramod$a1eea2f2e8d1a342568fc48780b8e97a0b12c301\final_alu_op_range_guard.
  Optimizing cells in module $paramod$3d5933457824fda5c29cfed42e669bf3c7234f6e\final_alu_encoder_runtime.
  Optimizing cells in module $paramod\final_alu_slice_runtime\WM=s32'00000000000000000000000000000101.
  Optimizing cells in module $paramod$4189ba8f5f2c2b48a04fc022fed7b1fdd11c3d0e\final_alu_corrector_search_v18.
  Optimizing cells in module $paramod$a1eea2f2e8d1a342568fc48780b8e97a0b12c301\final_alu_range_check.
  Optimizing cells in module $paramod$7fc61225471e37c5061c2290377709fe8f34c170\final_alu_runtime_cu.
  Optimizing cells in module \final_alu_runtime_top.
    New ctrl vector for $pmux cell $procmux$5344: { $procmux$5537_CMP $auto$opt_reduce.cc:134:opt_pmux$5847 $auto$opt_reduce.cc:134:opt_pmux$5845 $auto$opt_reduce.cc:134:opt_pmux$5843 $auto$opt_reduce.cc:134:opt_pmux$5841 $procmux$5473_CMP $auto$opt_reduce.cc:134:opt_pmux$5839 $auto$opt_reduce.cc:134:opt_pmux$5837 }
    New ctrl vector for $pmux cell $procmux$5336: { $auto$opt_reduce.cc:134:opt_pmux$5849 $procmux$5477_CMP }
    New ctrl vector for $pmux cell $procmux$5314: { $auto$opt_reduce.cc:134:opt_pmux$5851 $procmux$5477_CMP }
    New ctrl vector for $pmux cell $procmux$5292: { $auto$opt_reduce.cc:134:opt_pmux$5853 $procmux$5477_CMP }
    New ctrl vector for $pmux cell $procmux$5270: { $auto$opt_reduce.cc:134:opt_pmux$5855 $procmux$5484_CMP }
    New ctrl vector for $pmux cell $procmux$5246: { $auto$opt_reduce.cc:134:opt_pmux$5857 $procmux$5483_CMP }
    New ctrl vector for $pmux cell $procmux$5432: { $procmux$5537_CMP $procmux$5531_CMP $procmux$5525_CMP $auto$opt_reduce.cc:134:opt_pmux$5859 $procmux$5433_CMP }
    New ctrl vector for $pmux cell $procmux$5459: { $procmux$5537_CMP $procmux$5531_CMP $procmux$5525_CMP $procmux$5519_CMP $procmux$5518_CMP $procmux$5517_CMP $procmux$5516_CMP $auto$opt_reduce.cc:134:opt_pmux$5863 $procmux$5507_CMP $procmux$5506_CMP $procmux$5505_CMP $procmux$5504_CMP $procmux$5503_CMP $procmux$5500_CMP $procmux$5499_CMP $procmux$5498_CMP $procmux$5497_CMP $procmux$5491_CMP $procmux$5490_CMP $procmux$5489_CMP $procmux$5488_CMP $procmux$5487_CMP $procmux$5486_CMP $procmux$5484_CMP $procmux$5483_CMP $auto$opt_reduce.cc:134:opt_pmux$5861 $procmux$5481_CMP $procmux$5480_CMP $procmux$5477_CMP $procmux$5473_CMP $procmux$5472_CMP $procmux$5469_CMP $procmux$5468_CMP $procmux$5467_CMP $procmux$5466_CMP $procmux$5465_CMP $procmux$5464_CMP $procmux$5461_CMP $procmux$5460_CMP }
  Optimizing cells in module \final_alu_runtime_top.
Performed a total of 12 changes.

15.5. Executing OPT_MERGE pass (detect identical cells).
Finding identical cells in module `$paramod\final_alu_cfg_regs\WM=s32'00000000000000000000000000000101'.
Finding identical cells in module `$paramod$9b3939a60ab655ff6b5bd5df57c0bdbbd255081a\final_alu_cfg_checker'.
Finding identical cells in module `$paramod$4189ba8f5f2c2b48a04fc022fed7b1fdd11c3d0e\final_alu_cfg_precompute'.
Finding identical cells in module `$paramod$a1eea2f2e8d1a342568fc48780b8e97a0b12c301\final_alu_op_range_guard'.
<suppressed ~3 debug messages>
Finding identical cells in module `$paramod$3d5933457824fda5c29cfed42e669bf3c7234f6e\final_alu_encoder_runtime'.
Finding identical cells in module `$paramod\final_alu_slice_runtime\WM=s32'00000000000000000000000000000101'.
Finding identical cells in module `$paramod$4189ba8f5f2c2b48a04fc022fed7b1fdd11c3d0e\final_alu_corrector_search_v18'.
<suppressed ~3 debug messages>
Finding identical cells in module `$paramod$a1eea2f2e8d1a342568fc48780b8e97a0b12c301\final_alu_range_check'.
Finding identical cells in module `$paramod$7fc61225471e37c5061c2290377709fe8f34c170\final_alu_runtime_cu'.
Finding identical cells in module `\final_alu_runtime_top'.
<suppressed ~30 debug messages>
Removed a total of 12 cells.

15.6. Executing OPT_DFF pass (perform DFF optimizations).
Adding SRST signal on $procdff$5618 ($dff) from module $paramod\final_alu_cfg_regs\WM=s32'00000000000000000000000000000101 (D = $procmux$517_Y, Q = \m1_reg, rval = 5'00000).
Adding EN signal on $auto$ff.cc:266:slice$5864 ($sdff) from module $paramod\final_alu_cfg_regs\WM=s32'00000000000000000000000000000101 (D = \cfg_wdata [4:0], Q = \m1_reg).
Adding SRST signal on $procdff$5619 ($dff) from module $paramod\final_alu_cfg_regs\WM=s32'00000000000000000000000000000101 (D = $procmux$506_Y, Q = \m2_reg, rval = 5'00000).
Adding EN signal on $auto$ff.cc:266:slice$5868 ($sdff) from module $paramod\final_alu_cfg_regs\WM=s32'00000000000000000000000000000101 (D = \cfg_wdata [4:0], Q = \m2_reg).
Adding SRST signal on $procdff$5620 ($dff) from module $paramod\final_alu_cfg_regs\WM=s32'00000000000000000000000000000101 (D = $procmux$496_Y, Q = \m3_reg, rval = 5'00000).
Adding EN signal on $auto$ff.cc:266:slice$5872 ($sdff) from module $paramod\final_alu_cfg_regs\WM=s32'00000000000000000000000000000101 (D = \cfg_wdata [4:0], Q = \m3_reg).
Adding SRST signal on $procdff$5621 ($dff) from module $paramod\final_alu_cfg_regs\WM=s32'00000000000000000000000000000101 (D = $procmux$487_Y, Q = \m4_reg, rval = 5'00000).
Adding EN signal on $auto$ff.cc:266:slice$5876 ($sdff) from module $paramod\final_alu_cfg_regs\WM=s32'00000000000000000000000000000101 (D = \cfg_wdata [4:0], Q = \m4_reg).
Adding SRST signal on $procdff$5622 ($dff) from module $paramod\final_alu_cfg_regs\WM=s32'00000000000000000000000000000101 (D = $procmux$479_Y, Q = \m5_reg, rval = 5'00000).
Adding EN signal on $auto$ff.cc:266:slice$5880 ($sdff) from module $paramod\final_alu_cfg_regs\WM=s32'00000000000000000000000000000101 (D = \cfg_wdata [4:0], Q = \m5_reg).
Adding SRST signal on $procdff$5623 ($dff) from module $paramod\final_alu_cfg_regs\WM=s32'00000000000000000000000000000101 (D = $procmux$472_Y, Q = \detect_en_reg, rval = 1'1).
Adding EN signal on $auto$ff.cc:266:slice$5884 ($sdff) from module $paramod\final_alu_cfg_regs\WM=s32'00000000000000000000000000000101 (D = \cfg_wdata [0], Q = \detect_en_reg).
Adding SRST signal on $procdff$5624 ($dff) from module $paramod\final_alu_cfg_regs\WM=s32'00000000000000000000000000000101 (D = $procmux$459_Y, Q = \correct_en_reg, rval = 1'1).
Adding EN signal on $auto$ff.cc:266:slice$5888 ($sdff) from module $paramod\final_alu_cfg_regs\WM=s32'00000000000000000000000000000101 (D = $and$/home/runner/work/LibreLane-Sky130PDK-ASIC-Toolchain/LibreLane-Sky130PDK-ASIC-Toolchain/designs/final_design/src/final_alu_cfg_regs.v:45$422_Y, Q = \correct_en_reg).
Adding SRST signal on $procdff$5625 ($dff) from module $paramod\final_alu_cfg_regs\WM=s32'00000000000000000000000000000101 (D = $procmux$446_Y, Q = \cfg_lock_reg, rval = 1'0).
Adding EN signal on $auto$ff.cc:266:slice$5892 ($sdff) from module $paramod\final_alu_cfg_regs\WM=s32'00000000000000000000000000000101 (D = \cfg_wdata [2], Q = \cfg_lock_reg).
Adding SRST signal on $procdff$5626 ($dff) from module $paramod\final_alu_cfg_regs\WM=s32'00000000000000000000000000000101 (D = $procmux$433_Y, Q = \cfg_loaded_reg, rval = 1'0).
Adding SRST signal on $procdff$5617 ($dff) from module $paramod\final_alu_cfg_regs\WM=s32'00000000000000000000000000000101 (D = $procmux$529_Y, Q = \m0_reg, rval = 5'00000).
Adding EN signal on $auto$ff.cc:266:slice$5897 ($sdff) from module $paramod\final_alu_cfg_regs\WM=s32'00000000000000000000000000000101 (D = \cfg_wdata [4:0], Q = \m0_reg).
Adding SRST signal on $procdff$5627 ($dff) from module $paramod$9b3939a60ab655ff6b5bd5df57c0bdbbd255081a\final_alu_cfg_checker (D = $procmux$535_Y, Q = \done, rval = 1'0).
Adding SRST signal on $procdff$5628 ($dff) from module $paramod$9b3939a60ab655ff6b5bd5df57c0bdbbd255081a\final_alu_cfg_checker (D = $procmux$913_Y, Q = \cfg_ok, rval = 1'0).
Adding EN signal on $auto$ff.cc:266:slice$5902 ($sdff) from module $paramod$9b3939a60ab655ff6b5bd5df57c0bdbbd255081a\final_alu_cfg_checker (D = $procmux$913_Y, Q = \cfg_ok).
Adding SRST signal on $procdff$5629 ($dff) from module $paramod$9b3939a60ab655ff6b5bd5df57c0bdbbd255081a\final_alu_cfg_checker (D = $procmux$889_Y, Q = \cfg_error_code, rval = 4'0000).
Adding EN signal on $auto$ff.cc:266:slice$5910 ($sdff) from module $paramod$9b3939a60ab655ff6b5bd5df57c0bdbbd255081a\final_alu_cfg_checker (D = $procmux$889_Y, Q = \cfg_error_code).
Adding SRST signal on $procdff$5630 ($dff) from module $paramod$9b3939a60ab655ff6b5bd5df57c0bdbbd255081a\final_alu_cfg_checker (D = $procmux$856_Y, Q = \state, rval = 13'0000000000001).
Adding EN signal on $auto$ff.cc:266:slice$5926 ($sdff) from module $paramod$9b3939a60ab655ff6b5bd5df57c0bdbbd255081a\final_alu_cfg_checker (D = $procmux$856_Y, Q = \state).
Adding EN signal on $procdff$5631 ($dff) from module $paramod$9b3939a60ab655ff6b5bd5df57c0bdbbd255081a\final_alu_cfg_checker (D = \m0, Q = \lm0).
Adding EN signal on $procdff$5632 ($dff) from module $paramod$9b3939a60ab655ff6b5bd5df57c0bdbbd255081a\final_alu_cfg_checker (D = \m1, Q = \lm1).
Adding EN signal on $procdff$5633 ($dff) from module $paramod$9b3939a60ab655ff6b5bd5df57c0bdbbd255081a\final_alu_cfg_checker (D = \m2, Q = \lm2).
Adding EN signal on $procdff$5634 ($dff) from module $paramod$9b3939a60ab655ff6b5bd5df57c0bdbbd255081a\final_alu_cfg_checker (D = \m3, Q = \lm3).
Adding EN signal on $procdff$5635 ($dff) from module $paramod$9b3939a60ab655ff6b5bd5df57c0bdbbd255081a\final_alu_cfg_checker (D = \m4, Q = \lm4).
Adding EN signal on $procdff$5636 ($dff) from module $paramod$9b3939a60ab655ff6b5bd5df57c0bdbbd255081a\final_alu_cfg_checker (D = \m5, Q = \lm5).
Adding EN signal on $procdff$5637 ($dff) from module $paramod$9b3939a60ab655ff6b5bd5df57c0bdbbd255081a\final_alu_cfg_checker (D = $procmux$749_Y, Q = \mod_idx).
Adding EN signal on $procdff$5638 ($dff) from module $paramod$9b3939a60ab655ff6b5bd5df57c0bdbbd255081a\final_alu_cfg_checker (D = $procmux$720_Y, Q = \pair_i).
Adding EN signal on $procdff$5639 ($dff) from module $paramod$9b3939a60ab655ff6b5bd5df57c0bdbbd255081a\final_alu_cfg_checker (D = $procmux$688_Y, Q = \pair_j).
Adding EN signal on $procdff$5640 ($dff) from module $paramod$9b3939a60ab655ff6b5bd5df57c0bdbbd255081a\final_alu_cfg_checker (D = $procmux$662_Y, Q = \gcd_a).
Adding EN signal on $procdff$5641 ($dff) from module $paramod$9b3939a60ab655ff6b5bd5df57c0bdbbd255081a\final_alu_cfg_checker (D = $procmux$645_Y, Q = \gcd_b).
Adding EN signal on $procdff$5642 ($dff) from module $paramod$9b3939a60ab655ff6b5bd5df57c0bdbbd255081a\final_alu_cfg_checker (D = 3'000, Q = \si).
Adding EN signal on $procdff$5643 ($dff) from module $paramod$9b3939a60ab655ff6b5bd5df57c0bdbbd255081a\final_alu_cfg_checker (D = 3'001, Q = \sj).
Adding EN signal on $procdff$5644 ($dff) from module $paramod$9b3939a60ab655ff6b5bd5df57c0bdbbd255081a\final_alu_cfg_checker (D = 3'010, Q = \sk).
Adding EN signal on $procdff$5645 ($dff) from module $paramod$9b3939a60ab655ff6b5bd5df57c0bdbbd255081a\final_alu_cfg_checker (D = 3'011, Q = \sl).
Adding EN signal on $procdff$5646 ($dff) from module $paramod$9b3939a60ab655ff6b5bd5df57c0bdbbd255081a\final_alu_cfg_checker (D = 2'00, Q = \mul_stage).
Adding EN signal on $procdff$5647 ($dff) from module $paramod$9b3939a60ab655ff6b5bd5df57c0bdbbd255081a\final_alu_cfg_checker (D = 20'00000000000000000000, Q = \subset_acc).
Setting constant 0-bit at position 0 on $auto$ff.cc:266:slice$6034 ($dffe) from module $paramod$9b3939a60ab655ff6b5bd5df57c0bdbbd255081a\final_alu_cfg_checker.
Setting constant 0-bit at position 1 on $auto$ff.cc:266:slice$6034 ($dffe) from module $paramod$9b3939a60ab655ff6b5bd5df57c0bdbbd255081a\final_alu_cfg_checker.
Setting constant 0-bit at position 2 on $auto$ff.cc:266:slice$6034 ($dffe) from module $paramod$9b3939a60ab655ff6b5bd5df57c0bdbbd255081a\final_alu_cfg_checker.
Setting constant 0-bit at position 3 on $auto$ff.cc:266:slice$6034 ($dffe) from module $paramod$9b3939a60ab655ff6b5bd5df57c0bdbbd255081a\final_alu_cfg_checker.
Setting constant 0-bit at position 4 on $auto$ff.cc:266:slice$6034 ($dffe) from module $paramod$9b3939a60ab655ff6b5bd5df57c0bdbbd255081a\final_alu_cfg_checker.
Setting constant 0-bit at position 5 on $auto$ff.cc:266:slice$6034 ($dffe) from module $paramod$9b3939a60ab655ff6b5bd5df57c0bdbbd255081a\final_alu_cfg_checker.
Setting constant 0-bit at position 6 on $auto$ff.cc:266:slice$6034 ($dffe) from module $paramod$9b3939a60ab655ff6b5bd5df57c0bdbbd255081a\final_alu_cfg_checker.
Setting constant 0-bit at position 7 on $auto$ff.cc:266:slice$6034 ($dffe) from module $paramod$9b3939a60ab655ff6b5bd5df57c0bdbbd255081a\final_alu_cfg_checker.
Setting constant 0-bit at position 8 on $auto$ff.cc:266:slice$6034 ($dffe) from module $paramod$9b3939a60ab655ff6b5bd5df57c0bdbbd255081a\final_alu_cfg_checker.
Setting constant 0-bit at position 9 on $auto$ff.cc:266:slice$6034 ($dffe) from module $paramod$9b3939a60ab655ff6b5bd5df57c0bdbbd255081a\final_alu_cfg_checker.
Setting constant 0-bit at position 10 on $auto$ff.cc:266:slice$6034 ($dffe) from module $paramod$9b3939a60ab655ff6b5bd5df57c0bdbbd255081a\final_alu_cfg_checker.
Setting constant 0-bit at position 11 on $auto$ff.cc:266:slice$6034 ($dffe) from module $paramod$9b3939a60ab655ff6b5bd5df57c0bdbbd255081a\final_alu_cfg_checker.
Setting constant 0-bit at position 12 on $auto$ff.cc:266:slice$6034 ($dffe) from module $paramod$9b3939a60ab655ff6b5bd5df57c0bdbbd255081a\final_alu_cfg_checker.
Setting constant 0-bit at position 13 on $auto$ff.cc:266:slice$6034 ($dffe) from module $paramod$9b3939a60ab655ff6b5bd5df57c0bdbbd255081a\final_alu_cfg_checker.
Setting constant 0-bit at position 14 on $auto$ff.cc:266:slice$6034 ($dffe) from module $paramod$9b3939a60ab655ff6b5bd5df57c0bdbbd255081a\final_alu_cfg_checker.
Setting constant 0-bit at position 15 on $auto$ff.cc:266:slice$6034 ($dffe) from module $paramod$9b3939a60ab655ff6b5bd5df57c0bdbbd255081a\final_alu_cfg_checker.
Setting constant 0-bit at position 16 on $auto$ff.cc:266:slice$6034 ($dffe) from module $paramod$9b3939a60ab655ff6b5bd5df57c0bdbbd255081a\final_alu_cfg_checker.
Setting constant 0-bit at position 17 on $auto$ff.cc:266:slice$6034 ($dffe) from module $paramod$9b3939a60ab655ff6b5bd5df57c0bdbbd255081a\final_alu_cfg_checker.
Setting constant 0-bit at position 18 on $auto$ff.cc:266:slice$6034 ($dffe) from module $paramod$9b3939a60ab655ff6b5bd5df57c0bdbbd255081a\final_alu_cfg_checker.
Setting constant 0-bit at position 19 on $auto$ff.cc:266:slice$6034 ($dffe) from module $paramod$9b3939a60ab655ff6b5bd5df57c0bdbbd255081a\final_alu_cfg_checker.
Setting constant 0-bit at position 0 on $auto$ff.cc:266:slice$6031 ($dffe) from module $paramod$9b3939a60ab655ff6b5bd5df57c0bdbbd255081a\final_alu_cfg_checker.
Setting constant 0-bit at position 1 on $auto$ff.cc:266:slice$6031 ($dffe) from module $paramod$9b3939a60ab655ff6b5bd5df57c0bdbbd255081a\final_alu_cfg_checker.
Setting constant 1-bit at position 0 on $auto$ff.cc:266:slice$6028 ($dffe) from module $paramod$9b3939a60ab655ff6b5bd5df57c0bdbbd255081a\final_alu_cfg_checker.
Setting constant 1-bit at position 1 on $auto$ff.cc:266:slice$6028 ($dffe) from module $paramod$9b3939a60ab655ff6b5bd5df57c0bdbbd255081a\final_alu_cfg_checker.
Setting constant 0-bit at position 2 on $auto$ff.cc:266:slice$6028 ($dffe) from module $paramod$9b3939a60ab655ff6b5bd5df57c0bdbbd255081a\final_alu_cfg_checker.
Setting constant 0-bit at position 0 on $auto$ff.cc:266:slice$6025 ($dffe) from module $paramod$9b3939a60ab655ff6b5bd5df57c0bdbbd255081a\final_alu_cfg_checker.
Setting constant 1-bit at position 1 on $auto$ff.cc:266:slice$6025 ($dffe) from module $paramod$9b3939a60ab655ff6b5bd5df57c0bdbbd255081a\final_alu_cfg_checker.
Setting constant 0-bit at position 2 on $auto$ff.cc:266:slice$6025 ($dffe) from module $paramod$9b3939a60ab655ff6b5bd5df57c0bdbbd255081a\final_alu_cfg_checker.
Setting constant 1-bit at position 0 on $auto$ff.cc:266:slice$6022 ($dffe) from module $paramod$9b3939a60ab655ff6b5bd5df57c0bdbbd255081a\final_alu_cfg_checker.
Setting constant 0-bit at position 1 on $auto$ff.cc:266:slice$6022 ($dffe) from module $paramod$9b3939a60ab655ff6b5bd5df57c0bdbbd255081a\final_alu_cfg_checker.
Setting constant 0-bit at position 2 on $auto$ff.cc:266:slice$6022 ($dffe) from module $paramod$9b3939a60ab655ff6b5bd5df57c0bdbbd255081a\final_alu_cfg_checker.
Setting constant 0-bit at position 0 on $auto$ff.cc:266:slice$6019 ($dffe) from module $paramod$9b3939a60ab655ff6b5bd5df57c0bdbbd255081a\final_alu_cfg_checker.
Setting constant 0-bit at position 1 on $auto$ff.cc:266:slice$6019 ($dffe) from module $paramod$9b3939a60ab655ff6b5bd5df57c0bdbbd255081a\final_alu_cfg_checker.
Setting constant 0-bit at position 2 on $auto$ff.cc:266:slice$6019 ($dffe) from module $paramod$9b3939a60ab655ff6b5bd5df57c0bdbbd255081a\final_alu_cfg_checker.
Adding SRST signal on $procdff$5650 ($dff) from module $paramod$4189ba8f5f2c2b48a04fc022fed7b1fdd11c3d0e\final_alu_cfg_precompute (D = $procmux$956_Y, Q = \precomp_ok, rval = 1'0).
Adding EN signal on $auto$ff.cc:266:slice$6037 ($sdff) from module $paramod$4189ba8f5f2c2b48a04fc022fed7b1fdd11c3d0e\final_alu_cfg_precompute (D = 1'1, Q = \precomp_ok).
Adding SRST signal on $procdff$5651 ($dff) from module $paramod$4189ba8f5f2c2b48a04fc022fed7b1fdd11c3d0e\final_alu_cfg_precompute (D = $procmux$946_Y, Q = \done, rval = 1'0).
Adding EN signal on $procdff$5652 ($dff) from module $paramod$4189ba8f5f2c2b48a04fc022fed7b1fdd11c3d0e\final_alu_cfg_precompute (D = 15'111111111111111, Q = \usable_subset_bitmap).
Setting constant 1-bit at position 0 on $auto$ff.cc:266:slice$6040 ($dffe) from module $paramod$4189ba8f5f2c2b48a04fc022fed7b1fdd11c3d0e\final_alu_cfg_precompute.
Setting constant 1-bit at position 1 on $auto$ff.cc:266:slice$6040 ($dffe) from module $paramod$4189ba8f5f2c2b48a04fc022fed7b1fdd11c3d0e\final_alu_cfg_precompute.
Setting constant 1-bit at position 2 on $auto$ff.cc:266:slice$6040 ($dffe) from module $paramod$4189ba8f5f2c2b48a04fc022fed7b1fdd11c3d0e\final_alu_cfg_precompute.
Setting constant 1-bit at position 3 on $auto$ff.cc:266:slice$6040 ($dffe) from module $paramod$4189ba8f5f2c2b48a04fc022fed7b1fdd11c3d0e\final_alu_cfg_precompute.
Setting constant 1-bit at position 4 on $auto$ff.cc:266:slice$6040 ($dffe) from module $paramod$4189ba8f5f2c2b48a04fc022fed7b1fdd11c3d0e\final_alu_cfg_precompute.
Setting constant 1-bit at position 5 on $auto$ff.cc:266:slice$6040 ($dffe) from module $paramod$4189ba8f5f2c2b48a04fc022fed7b1fdd11c3d0e\final_alu_cfg_precompute.
Setting constant 1-bit at position 6 on $auto$ff.cc:266:slice$6040 ($dffe) from module $paramod$4189ba8f5f2c2b48a04fc022fed7b1fdd11c3d0e\final_alu_cfg_precompute.
Setting constant 1-bit at position 7 on $auto$ff.cc:266:slice$6040 ($dffe) from module $paramod$4189ba8f5f2c2b48a04fc022fed7b1fdd11c3d0e\final_alu_cfg_precompute.
Setting constant 1-bit at position 8 on $auto$ff.cc:266:slice$6040 ($dffe) from module $paramod$4189ba8f5f2c2b48a04fc022fed7b1fdd11c3d0e\final_alu_cfg_precompute.
Setting constant 1-bit at position 9 on $auto$ff.cc:266:slice$6040 ($dffe) from module $paramod$4189ba8f5f2c2b48a04fc022fed7b1fdd11c3d0e\final_alu_cfg_precompute.
Setting constant 1-bit at position 10 on $auto$ff.cc:266:slice$6040 ($dffe) from module $paramod$4189ba8f5f2c2b48a04fc022fed7b1fdd11c3d0e\final_alu_cfg_precompute.
Setting constant 1-bit at position 11 on $auto$ff.cc:266:slice$6040 ($dffe) from module $paramod$4189ba8f5f2c2b48a04fc022fed7b1fdd11c3d0e\final_alu_cfg_precompute.
Setting constant 1-bit at position 12 on $auto$ff.cc:266:slice$6040 ($dffe) from module $paramod$4189ba8f5f2c2b48a04fc022fed7b1fdd11c3d0e\final_alu_cfg_precompute.
Setting constant 1-bit at position 13 on $auto$ff.cc:266:slice$6040 ($dffe) from module $paramod$4189ba8f5f2c2b48a04fc022fed7b1fdd11c3d0e\final_alu_cfg_precompute.
Setting constant 1-bit at position 14 on $auto$ff.cc:266:slice$6040 ($dffe) from module $paramod$4189ba8f5f2c2b48a04fc022fed7b1fdd11c3d0e\final_alu_cfg_precompute.
Adding EN signal on $procdff$5660 ($dff) from module $paramod$a1eea2f2e8d1a342568fc48780b8e97a0b12c301\final_alu_op_range_guard (D = $procmux$987_Y, Q = \mul_mcand_big_reg).
Adding SRST signal on $procdff$5653 ($dff) from module $paramod$a1eea2f2e8d1a342568fc48780b8e97a0b12c301\final_alu_op_range_guard (D = $procmux$962_Y, Q = \done, rval = 1'0).
Adding SRST signal on $procdff$5654 ($dff) from module $paramod$a1eea2f2e8d1a342568fc48780b8e97a0b12c301\final_alu_op_range_guard (D = $procmux$1142_Y, Q = \raw_range_error, rval = 1'0).
Adding EN signal on $auto$ff.cc:266:slice$6057 ($sdff) from module $paramod$a1eea2f2e8d1a342568fc48780b8e97a0b12c301\final_alu_op_range_guard (D = $procmux$1142_Y, Q = \raw_range_error).
Adding SRST signal on $procdff$5655 ($dff) from module $paramod$a1eea2f2e8d1a342568fc48780b8e97a0b12c301\final_alu_op_range_guard (D = $procmux$1101_Y, Q = \state, rval = 6'000001).
Adding EN signal on $auto$ff.cc:266:slice$6069 ($sdff) from module $paramod$a1eea2f2e8d1a342568fc48780b8e97a0b12c301\final_alu_op_range_guard (D = $procmux$1101_Y, Q = \state).
Adding EN signal on $procdff$5656 ($dff) from module $paramod$a1eea2f2e8d1a342568fc48780b8e97a0b12c301\final_alu_op_range_guard (D = $procmux$1079_Y, Q = \mul_acc_reg).
Adding EN signal on $procdff$5657 ($dff) from module $paramod$a1eea2f2e8d1a342568fc48780b8e97a0b12c301\final_alu_op_range_guard (D = $procmux$1053_Y, Q = \mul_mcand_reg).
Adding EN signal on $procdff$5658 ($dff) from module $paramod$a1eea2f2e8d1a342568fc48780b8e97a0b12c301\final_alu_op_range_guard (D = $procmux$1028_Y, Q = \mul_mult_reg).
Adding EN signal on $procdff$5659 ($dff) from module $paramod$a1eea2f2e8d1a342568fc48780b8e97a0b12c301\final_alu_op_range_guard (D = $procmux$1009_Y, Q = \mul_count_reg).
Adding EN signal on $procdff$5670 ($dff) from module $paramod$3d5933457824fda5c29cfed42e669bf3c7234f6e\final_alu_encoder_runtime (D = $procmux$1255_Y, Q = \rem_reg).
Adding SRST signal on $procdff$5661 ($dff) from module $paramod$3d5933457824fda5c29cfed42e669bf3c7234f6e\final_alu_encoder_runtime (D = $procmux$1360_Y, Q = \lane_idx, rval = 3'000).
Adding EN signal on $auto$ff.cc:266:slice$6156 ($sdff) from module $paramod$3d5933457824fda5c29cfed42e669bf3c7234f6e\final_alu_encoder_runtime (D = $procmux$1360_Y, Q = \lane_idx).
Adding SRST signal on $procdff$5662 ($dff) from module $paramod$3d5933457824fda5c29cfed42e669bf3c7234f6e\final_alu_encoder_runtime (D = $procmux$1302_Y, Q = \done, rval = 1'0).
Adding EN signal on $procdff$5663 ($dff) from module $paramod$3d5933457824fda5c29cfed42e669bf3c7234f6e\final_alu_encoder_runtime (D = \residue_next, Q = \res_flat [24:20]).
Adding EN signal on $procdff$5663 ($dff) from module $paramod$3d5933457824fda5c29cfed42e669bf3c7234f6e\final_alu_encoder_runtime (D = \residue_next, Q = \res_flat [19:15]).
Adding EN signal on $procdff$5663 ($dff) from module $paramod$3d5933457824fda5c29cfed42e669bf3c7234f6e\final_alu_encoder_runtime (D = \residue_next, Q = \res_flat [14:10]).
Adding EN signal on $procdff$5663 ($dff) from module $paramod$3d5933457824fda5c29cfed42e669bf3c7234f6e\final_alu_encoder_runtime (D = \residue_next, Q = \res_flat [9:5]).
Adding EN signal on $procdff$5663 ($dff) from module $paramod$3d5933457824fda5c29cfed42e669bf3c7234f6e\final_alu_encoder_runtime (D = \residue_next, Q = \res_flat [4:0]).
Adding EN signal on $procdff$5663 ($dff) from module $paramod$3d5933457824fda5c29cfed42e669bf3c7234f6e\final_alu_encoder_runtime (D = \residue_next, Q = \res_flat [29:25]).
Adding SRST signal on $procdff$5664 ($dff) from module $paramod$3d5933457824fda5c29cfed42e669bf3c7234f6e\final_alu_encoder_runtime (D = $procmux$1327_Y, Q = \state, rval = 6'000001).
Adding EN signal on $auto$ff.cc:266:slice$6185 ($sdff) from module $paramod$3d5933457824fda5c29cfed42e669bf3c7234f6e\final_alu_encoder_runtime (D = $procmux$1327_Y, Q = \state).
Adding SRST signal on $procdff$5665 ($dff) from module $paramod$3d5933457824fda5c29cfed42e669bf3c7234f6e\final_alu_encoder_runtime (D = $procmux$1313_Y, Q = \bit_count, rval = 6'000000).
Adding EN signal on $auto$ff.cc:266:slice$6193 ($sdff) from module $paramod$3d5933457824fda5c29cfed42e669bf3c7234f6e\final_alu_encoder_runtime (D = $procmux$1313_Y, Q = \bit_count).
Adding EN signal on $procdff$5666 ($dff) from module $paramod$3d5933457824fda5c29cfed42e669bf3c7234f6e\final_alu_encoder_runtime (D = $ternary$/home/runner/work/LibreLane-Sky130PDK-ASIC-Toolchain/LibreLane-Sky130PDK-ASIC-Toolchain/designs/final_design/src/final_alu_encoder_runtime.v:52$341_Y [11:0], Q = \mag_reg [11:0]).
Adding EN signal on $procdff$5666 ($dff) from module $paramod$3d5933457824fda5c29cfed42e669bf3c7234f6e\final_alu_encoder_runtime (D = $ternary$/home/runner/work/LibreLane-Sky130PDK-ASIC-Toolchain/LibreLane-Sky130PDK-ASIC-Toolchain/designs/final_design/src/final_alu_encoder_runtime.v:52$341_Y [23:12], Q = \mag_reg [23:12]).
Adding EN signal on $procdff$5667 ($dff) from module $paramod$3d5933457824fda5c29cfed42e669bf3c7234f6e\final_alu_encoder_runtime (D = $procmux$1169_Y, Q = \shift_reg [23:12]).
Adding EN signal on $procdff$5667 ($dff) from module $paramod$3d5933457824fda5c29cfed42e669bf3c7234f6e\final_alu_encoder_runtime (D = $procmux$1346_Y, Q = \shift_reg [11:0]).
Adding EN signal on $procdff$5668 ($dff) from module $paramod$3d5933457824fda5c29cfed42e669bf3c7234f6e\final_alu_encoder_runtime (D = \x_in [23], Q = \neg_reg).
Adding EN signal on $procdff$5669 ($dff) from module $paramod$3d5933457824fda5c29cfed42e669bf3c7234f6e\final_alu_encoder_runtime (D = $procmux$1276_Y, Q = \modulus_reg).
Adding EN signal on $procdff$5679 ($dff) from module $paramod\final_alu_slice_runtime\WM=s32'00000000000000000000000000000101 (D = $procmux$1450_Y, Q = \bit_count).
Adding SRST signal on $procdff$5680 ($dff) from module $paramod\final_alu_slice_runtime\WM=s32'00000000000000000000000000000101 (D = $procmux$1510_Y, Q = \done, rval = 1'0).
Adding SRST signal on $procdff$5681 ($dff) from module $paramod\final_alu_slice_runtime\WM=s32'00000000000000000000000000000101 (D = $procmux$1520_Y, Q = \state, rval = 4'0001).
Adding EN signal on $auto$ff.cc:266:slice$6247 ($sdff) from module $paramod\final_alu_slice_runtime\WM=s32'00000000000000000000000000000101 (D = $procmux$1520_Y, Q = \state).
Adding EN signal on $procdff$5671 ($dff) from module $paramod\final_alu_slice_runtime\WM=s32'00000000000000000000000000000101 (D = $procmux$1497_Y, Q = \z_res).
Adding EN signal on $procdff$5672 ($dff) from module $paramod\final_alu_slice_runtime\WM=s32'00000000000000000000000000000101 (D = \op_sel, Q = \op_reg).
Adding EN signal on $procdff$5673 ($dff) from module $paramod\final_alu_slice_runtime\WM=s32'00000000000000000000000000000101 (D = \a_res, Q = \a_reg).
Adding EN signal on $procdff$5674 ($dff) from module $paramod\final_alu_slice_runtime\WM=s32'00000000000000000000000000000101 (D = \b_res, Q = \b_reg).
Adding EN signal on $procdff$5675 ($dff) from module $paramod\final_alu_slice_runtime\WM=s32'00000000000000000000000000000101 (D = \modulus, Q = \mod_reg).
Adding EN signal on $procdff$5676 ($dff) from module $paramod\final_alu_slice_runtime\WM=s32'00000000000000000000000000000101 (D = $procmux$1465_Y, Q = \acc_reg).
Adding EN signal on $procdff$5677 ($dff) from module $paramod\final_alu_slice_runtime\WM=s32'00000000000000000000000000000101 (D = $procmux$1460_Y, Q = \mcand_reg).
Adding EN signal on $procdff$5678 ($dff) from module $paramod\final_alu_slice_runtime\WM=s32'00000000000000000000000000000101 (D = $procmux$1455_Y, Q = \mult_reg).
Adding SRST signal on $procdff$5714 ($dff) from module $paramod$4189ba8f5f2c2b48a04fc022fed7b1fdd11c3d0e\final_alu_corrector_search_v18 (D = $procmux$1973_Y, Q = \state, rval = 8'00000001).
Adding EN signal on $auto$ff.cc:266:slice$6295 ($sdff) from module $paramod$4189ba8f5f2c2b48a04fc022fed7b1fdd11c3d0e\final_alu_corrector_search_v18 (D = $procmux$1973_Y, Q = \state).
Adding SRST signal on $procdff$5713 ($dff) from module $paramod$4189ba8f5f2c2b48a04fc022fed7b1fdd11c3d0e\final_alu_corrector_search_v18 (D = $procmux$1966_Y, Q = \done, rval = 1'0).
Adding EN signal on $procdff$5706 ($dff) from module $paramod$4189ba8f5f2c2b48a04fc022fed7b1fdd11c3d0e\final_alu_corrector_search_v18 (D = $procmux$1663_Y, Q = \final_residue_error_q).
Adding EN signal on $procdff$5707 ($dff) from module $paramod$4189ba8f5f2c2b48a04fc022fed7b1fdd11c3d0e\final_alu_corrector_search_v18 (D = $procmux$1644_Y, Q = \final_corrected_success_q).
Adding EN signal on $procdff$5708 ($dff) from module $paramod$4189ba8f5f2c2b48a04fc022fed7b1fdd11c3d0e\final_alu_corrector_search_v18 (D = $procmux$1625_Y, Q = \final_uncorrectable_q).
Adding EN signal on $procdff$5709 ($dff) from module $paramod$4189ba8f5f2c2b48a04fc022fed7b1fdd11c3d0e\final_alu_corrector_search_v18 (D = $procmux$1606_Y, Q = \final_corrected_lane_mask_q).
Adding EN signal on $procdff$5710 ($dff) from module $paramod$4189ba8f5f2c2b48a04fc022fed7b1fdd11c3d0e\final_alu_corrector_search_v18 (D = $procmux$1588_Y, Q = \final_mismatch_mask_q).
Adding EN signal on $procdff$5711 ($dff) from module $paramod$4189ba8f5f2c2b48a04fc022fed7b1fdd11c3d0e\final_alu_corrector_search_v18 (D = $procmux$1569_Y, Q = \final_mismatch_count_q).
Adding EN signal on $procdff$5712 ($dff) from module $paramod$4189ba8f5f2c2b48a04fc022fed7b1fdd11c3d0e\final_alu_corrector_search_v18 (D = $procmux$1550_Y, Q = \final_corrected_candidate_base_q).
Adding EN signal on $procdff$5705 ($dff) from module $paramod$4189ba8f5f2c2b48a04fc022fed7b1fdd11c3d0e\final_alu_corrector_search_v18 (D = $procmux$1680_Y, Q = \base_count).
Adding EN signal on $procdff$5682 ($dff) from module $paramod$4189ba8f5f2c2b48a04fc022fed7b1fdd11c3d0e\final_alu_corrector_search_v18 (D = \final_residue_error_q, Q = \residue_error).
Adding EN signal on $procdff$5683 ($dff) from module $paramod$4189ba8f5f2c2b48a04fc022fed7b1fdd11c3d0e\final_alu_corrector_search_v18 (D = \final_corrected_success_q, Q = \corrected_success).
Adding EN signal on $procdff$5684 ($dff) from module $paramod$4189ba8f5f2c2b48a04fc022fed7b1fdd11c3d0e\final_alu_corrector_search_v18 (D = \final_uncorrectable_q, Q = \uncorrectable).
Adding EN signal on $procdff$5685 ($dff) from module $paramod$4189ba8f5f2c2b48a04fc022fed7b1fdd11c3d0e\final_alu_corrector_search_v18 (D = \final_corrected_lane_mask_q, Q = \corrected_lane_mask).
Adding EN signal on $procdff$5686 ($dff) from module $paramod$4189ba8f5f2c2b48a04fc022fed7b1fdd11c3d0e\final_alu_corrector_search_v18 (D = \final_mismatch_mask_q, Q = \mismatch_mask_out).
Adding EN signal on $procdff$5687 ($dff) from module $paramod$4189ba8f5f2c2b48a04fc022fed7b1fdd11c3d0e\final_alu_corrector_search_v18 (D = \final_mismatch_count_q, Q = \mismatch_count_out).
Adding EN signal on $procdff$5688 ($dff) from module $paramod$4189ba8f5f2c2b48a04fc022fed7b1fdd11c3d0e\final_alu_corrector_search_v18 (D = \final_corrected_candidate_base_q, Q = \corrected_candidate_base).
Adding EN signal on $procdff$5689 ($dff) from module $paramod$4189ba8f5f2c2b48a04fc022fed7b1fdd11c3d0e\final_alu_corrector_search_v18 (D = $procmux$1948_Y, Q = \cand).
Adding EN signal on $procdff$5690 ($dff) from module $paramod$4189ba8f5f2c2b48a04fc022fed7b1fdd11c3d0e\final_alu_corrector_search_v18 (D = $procmux$1935_Y, Q = \p0).
Adding EN signal on $procdff$5691 ($dff) from module $paramod$4189ba8f5f2c2b48a04fc022fed7b1fdd11c3d0e\final_alu_corrector_search_v18 (D = $procmux$1913_Y, Q = \p1).
Adding EN signal on $procdff$5692 ($dff) from module $paramod$4189ba8f5f2c2b48a04fc022fed7b1fdd11c3d0e\final_alu_corrector_search_v18 (D = $procmux$1891_Y, Q = \p2).
Adding EN signal on $procdff$5693 ($dff) from module $paramod$4189ba8f5f2c2b48a04fc022fed7b1fdd11c3d0e\final_alu_corrector_search_v18 (D = $procmux$1869_Y, Q = \p3).
Adding EN signal on $procdff$5694 ($dff) from module $paramod$4189ba8f5f2c2b48a04fc022fed7b1fdd11c3d0e\final_alu_corrector_search_v18 (D = $procmux$1847_Y, Q = \p4).
Adding EN signal on $procdff$5695 ($dff) from module $paramod$4189ba8f5f2c2b48a04fc022fed7b1fdd11c3d0e\final_alu_corrector_search_v18 (D = $procmux$1825_Y, Q = \p5).
Adding EN signal on $procdff$5696 ($dff) from module $paramod$4189ba8f5f2c2b48a04fc022fed7b1fdd11c3d0e\final_alu_corrector_search_v18 (D = $procmux$1803_Y, Q = \half_hit0_q).
Adding EN signal on $procdff$5697 ($dff) from module $paramod$4189ba8f5f2c2b48a04fc022fed7b1fdd11c3d0e\final_alu_corrector_search_v18 (D = $procmux$1790_Y, Q = \half_hit1_q).
Adding EN signal on $procdff$5698 ($dff) from module $paramod$4189ba8f5f2c2b48a04fc022fed7b1fdd11c3d0e\final_alu_corrector_search_v18 (D = $procmux$1777_Y, Q = \half_hit2_q).
Adding EN signal on $procdff$5699 ($dff) from module $paramod$4189ba8f5f2c2b48a04fc022fed7b1fdd11c3d0e\final_alu_corrector_search_v18 (D = $procmux$1764_Y, Q = \half_hit3_q).
Adding EN signal on $procdff$5700 ($dff) from module $paramod$4189ba8f5f2c2b48a04fc022fed7b1fdd11c3d0e\final_alu_corrector_search_v18 (D = $procmux$1751_Y, Q = \half_hit4_q).
Adding EN signal on $procdff$5701 ($dff) from module $paramod$4189ba8f5f2c2b48a04fc022fed7b1fdd11c3d0e\final_alu_corrector_search_v18 (D = $procmux$1738_Y, Q = \half_hit5_q).
Adding EN signal on $procdff$5702 ($dff) from module $paramod$4189ba8f5f2c2b48a04fc022fed7b1fdd11c3d0e\final_alu_corrector_search_v18 (D = $procmux$1725_Y, Q = \base_found).
Adding EN signal on $procdff$5703 ($dff) from module $paramod$4189ba8f5f2c2b48a04fc022fed7b1fdd11c3d0e\final_alu_corrector_search_v18 (D = $procmux$1710_Y, Q = \base_candidate).
Adding EN signal on $procdff$5704 ($dff) from module $paramod$4189ba8f5f2c2b48a04fc022fed7b1fdd11c3d0e\final_alu_corrector_search_v18 (D = $procmux$1695_Y, Q = \base_mask).
Adding SRST signal on $procdff$5806 ($dff) from module final_alu_runtime_top (D = $procmux$5541_Y, Q = \top_init_done_reg, rval = 1'0).
Adding EN signal on $procdff$5807 ($dff) from module final_alu_runtime_top (D = \B_in [23:20], Q = \B_reg [23:20]).
Adding EN signal on $procdff$5796 ($dff) from module final_alu_runtime_top (D = \corrector_residue_error, Q = \corrector_residue_error_hold).
Adding EN signal on $procdff$5808 ($dff) from module final_alu_runtime_top (D = \B_in [19:16], Q = \B_reg [19:16]).
Adding EN signal on $procdff$5797 ($dff) from module final_alu_runtime_top (D = \corrector_corrected_success, Q = \corrector_corrected_success_hold).
Adding EN signal on $procdff$5809 ($dff) from module final_alu_runtime_top (D = \B_in [15:8], Q = \B_reg [15:8]).
Adding EN signal on $procdff$5798 ($dff) from module final_alu_runtime_top (D = \corrector_uncorrectable, Q = \corrector_uncorrectable_hold).
Adding EN signal on $procdff$5799 ($dff) from module final_alu_runtime_top (D = \corrector_lane_mask, Q = \corrector_lane_mask_hold).
Adding EN signal on $procdff$5810 ($dff) from module final_alu_runtime_top (D = \B_in [7:0], Q = \B_reg [7:0]).
Adding EN signal on $procdff$5800 ($dff) from module final_alu_runtime_top (D = \corrector_mismatch_mask, Q = \corrector_mismatch_mask_hold).
Adding EN signal on $procdff$5811 ($dff) from module final_alu_runtime_top (D = \B_in [5], Q = \B_bit5_enc_reg).
Adding EN signal on $procdff$5801 ($dff) from module final_alu_runtime_top (D = \corrector_mismatch_count, Q = \corrector_mismatch_count_hold).
Adding SRST signal on $procdff$5802 ($dff) from module final_alu_runtime_top (D = $procmux$2502_Y, Q = \final_range_start_reg, rval = 1'0).
Adding EN signal on $procdff$5803 ($dff) from module final_alu_runtime_top (D = \m0_cfg [3], Q = \corr_m0_bit3_corrector_reg).
Adding EN signal on $procdff$5804 ($dff) from module final_alu_runtime_top (D = \m0_cfg [4], Q = \corr_m0_bit4_corrector_reg).
Adding EN signal on $procdff$5828 ($dff) from module final_alu_runtime_top (D = \cfg_addr, Q = \cfg_addr_read_reg).
Adding EN signal on $procdff$5827 ($dff) from module final_alu_runtime_top (D = $procmux$5598_Y, Q = \cfg_rdata).
Adding SRST signal on $procdff$5826 ($dff) from module final_alu_runtime_top (D = \rst_slice_n, Q = \rst_corrector_n, rval = 1'0).
Adding SRST signal on $procdff$5825 ($dff) from module final_alu_runtime_top (D = \rst_encoder_n, Q = \rst_slice_n, rval = 1'0).
Adding SRST signal on $procdff$5824 ($dff) from module final_alu_runtime_top (D = \rst_precomp_n, Q = \rst_encoder_n, rval = 1'0).
Adding SRST signal on $procdff$5823 ($dff) from module final_alu_runtime_top (D = \rst_cfgchk_n, Q = \rst_precomp_n, rval = 1'0).
Adding SRST signal on $procdff$5822 ($dff) from module final_alu_runtime_top (D = \rst_cfgregs_n, Q = \rst_cfgchk_n, rval = 1'0).
Adding SRST signal on $procdff$5820 ($dff) from module final_alu_runtime_top (D = \rst_corrector_n, Q = \rst_main_n, rval = 1'0).
Adding EN signal on $procdff$5819 ($dff) from module final_alu_runtime_top (D = \Op_Sel, Q = \op_sel_slice_reg).
Adding EN signal on $procdff$5818 ($dff) from module final_alu_runtime_top (D = \A_in [4], Q = \A_bit4_enc_reg).
Adding EN signal on $procdff$5817 ($dff) from module final_alu_runtime_top (D = \A_in [5], Q = \A_bit5_enc_reg).
Adding EN signal on $procdff$5816 ($dff) from module final_alu_runtime_top (D = \A_in [7:0], Q = \A_reg [7:0]).
Adding EN signal on $procdff$5815 ($dff) from module final_alu_runtime_top (D = \A_in [15:8], Q = \A_reg [15:8]).
Adding EN signal on $procdff$5814 ($dff) from module final_alu_runtime_top (D = \A_in [19:16], Q = \A_reg [19:16]).
Adding EN signal on $procdff$5813 ($dff) from module final_alu_runtime_top (D = \A_in [23:20], Q = \A_reg [23:20]).
Adding EN signal on $procdff$5812 ($dff) from module final_alu_runtime_top (D = \B_in [4], Q = \B_bit4_enc_reg).
Adding EN signal on $procdff$5715 ($dff) from module final_alu_runtime_top (D = $procmux$3692_Y, Q = \X_out).
Adding SRST signal on $procdff$5716 ($dff) from module final_alu_runtime_top (D = $procmux$2492_Y, Q = \Done, rval = 1'0).
Adding SRST signal on $procdff$5718 ($dff) from module final_alu_runtime_top (D = $procmux$5459_Y, Q = \main_state, rval = 54'000000000000000000000000000000000000000000000000000001).
Adding EN signal on $auto$ff.cc:266:slice$6612 ($sdff) from module final_alu_runtime_top (D = $procmux$5459_Y, Q = \main_state).
Adding SRST signal on $procdff$5719 ($dff) from module final_alu_runtime_top (D = $procmux$5432_Y, Q = \cfg_state_dbg, rval = 3'000).
Adding EN signal on $auto$ff.cc:266:slice$6632 ($sdff) from module final_alu_runtime_top (D = $procmux$5432_Y, Q = \cfg_state_dbg).
Adding SRST signal on $procdff$5720 ($dff) from module final_alu_runtime_top (D = $procmux$5344_Y, Q = \op_state_dbg, rval = 4'0000).
Adding EN signal on $auto$ff.cc:266:slice$6642 ($sdff) from module final_alu_runtime_top (D = $procmux$5344_Y, Q = \op_state_dbg).
Adding SRST signal on $procdff$5721 ($dff) from module final_alu_runtime_top (D = $procmux$5336_Y, Q = \lane_idx, rval = 3'000).
Adding EN signal on $auto$ff.cc:266:slice$6646 ($sdff) from module final_alu_runtime_top (D = $procmux$5336_Y, Q = \lane_idx).
Adding SRST signal on $procdff$5722 ($dff) from module final_alu_runtime_top (D = $procmux$5314_Y, Q = \op_lane_oh, rval = 6'000001).
Adding EN signal on $auto$ff.cc:266:slice$6654 ($sdff) from module final_alu_runtime_top (D = $procmux$5314_Y, Q = \op_lane_oh).
Adding SRST signal on $procdff$5723 ($dff) from module final_alu_runtime_top (D = $procmux$5292_Y, Q = \slice_m_lane_oh, rval = 6'000001).
Adding EN signal on $auto$ff.cc:266:slice$6662 ($sdff) from module final_alu_runtime_top (D = $procmux$5292_Y, Q = \slice_m_lane_oh).
Adding SRST signal on $procdff$5724 ($dff) from module final_alu_runtime_top (D = $procmux$5270_Y, Q = \slice_a_lane_oh, rval = 6'000001).
Adding EN signal on $auto$ff.cc:266:slice$6670 ($sdff) from module final_alu_runtime_top (D = $procmux$5270_Y, Q = \slice_a_lane_oh).
Adding SRST signal on $procdff$5725 ($dff) from module final_alu_runtime_top (D = $procmux$5246_Y, Q = \slice_b_lane_oh, rval = 6'000001).
Adding EN signal on $auto$ff.cc:266:slice$6674 ($sdff) from module final_alu_runtime_top (D = $procmux$5246_Y, Q = \slice_b_lane_oh).
Adding EN signal on $procdff$5726 ($dff) from module final_alu_runtime_top (D = \m0_cfg, Q = \enc_m0_cfg).
Adding EN signal on $procdff$5727 ($dff) from module final_alu_runtime_top (D = \m1_cfg, Q = \enc_m1_cfg).
Adding EN signal on $procdff$5728 ($dff) from module final_alu_runtime_top (D = \m2_cfg, Q = \enc_m2_cfg).
Adding EN signal on $procdff$5729 ($dff) from module final_alu_runtime_top (D = \m3_cfg, Q = \enc_m3_cfg).
Adding EN signal on $procdff$5730 ($dff) from module final_alu_runtime_top (D = \m4_cfg, Q = \enc_m4_cfg).
Adding EN signal on $procdff$5731 ($dff) from module final_alu_runtime_top (D = \m5_cfg, Q = \enc_m5_cfg).
Adding EN signal on $procdff$5732 ($dff) from module final_alu_runtime_top (D = \m0_cfg, Q = \slice_m0_cfg).
Adding EN signal on $procdff$5733 ($dff) from module final_alu_runtime_top (D = \m1_cfg, Q = \slice_m1_cfg).
Adding EN signal on $procdff$5734 ($dff) from module final_alu_runtime_top (D = \m2_cfg, Q = \slice_m2_cfg).
Adding EN signal on $procdff$5735 ($dff) from module final_alu_runtime_top (D = \m3_cfg, Q = \slice_m3_cfg).
Adding EN signal on $procdff$5736 ($dff) from module final_alu_runtime_top (D = \m4_cfg, Q = \slice_m4_cfg).
Adding EN signal on $procdff$5737 ($dff) from module final_alu_runtime_top (D = \m5_cfg, Q = \slice_m5_cfg).
Adding EN signal on $procdff$5738 ($dff) from module final_alu_runtime_top (D = \m0_cfg, Q = \corr_m0_cfg).
Adding EN signal on $procdff$5739 ($dff) from module final_alu_runtime_top (D = \m1_cfg, Q = \corr_m1_cfg).
Adding EN signal on $procdff$5740 ($dff) from module final_alu_runtime_top (D = \m2_cfg, Q = \corr_m2_cfg).
Adding EN signal on $procdff$5741 ($dff) from module final_alu_runtime_top (D = \m3_cfg, Q = \corr_m3_cfg).
Adding EN signal on $procdff$5742 ($dff) from module final_alu_runtime_top (D = \m4_cfg, Q = \corr_m4_cfg).
Adding EN signal on $procdff$5743 ($dff) from module final_alu_runtime_top (D = \m5_cfg, Q = \corr_m5_cfg).
Adding EN signal on $procdff$5745 ($dff) from module final_alu_runtime_top (D = $procmux$4327_Y, Q = \config_valid_reg).
Adding EN signal on $procdff$5746 ($dff) from module final_alu_runtime_top (D = $procmux$4264_Y, Q = \config_busy_reg).
Adding EN signal on $procdff$5747 ($dff) from module final_alu_runtime_top (D = $procmux$4201_Y, Q = \config_busy_pad_reg).
Adding EN signal on $procdff$5748 ($dff) from module final_alu_runtime_top (D = $procmux$4138_Y, Q = \config_error_reg).
Adding EN signal on $procdff$5749 ($dff) from module final_alu_runtime_top (D = $procmux$4075_Y, Q = \config_error_code_reg).
Adding EN signal on $procdff$5750 ($dff) from module final_alu_runtime_top (D = $procmux$4028_Y, Q = \csr_m0_read_reg).
Adding EN signal on $procdff$5751 ($dff) from module final_alu_runtime_top (D = $procmux$3969_Y, Q = \csr_m1_read_reg).
Adding EN signal on $procdff$5752 ($dff) from module final_alu_runtime_top (D = $procmux$3911_Y, Q = \csr_m2_read_reg).
Adding EN signal on $procdff$5753 ($dff) from module final_alu_runtime_top (D = $procmux$3854_Y, Q = \csr_m3_read_reg).
Adding EN signal on $procdff$5754 ($dff) from module final_alu_runtime_top (D = $procmux$3798_Y, Q = \csr_m4_read_reg).
Adding EN signal on $procdff$5755 ($dff) from module final_alu_runtime_top (D = $procmux$3743_Y, Q = \csr_m5_read_reg).
Adding EN signal on $procdff$5756 ($dff) from module final_alu_runtime_top (D = \checker_M_base [9:0], Q = \csr_M_base_read_reg [9:0]).
Adding EN signal on $procdff$5756 ($dff) from module final_alu_runtime_top (D = \checker_M_base [19:10], Q = \csr_M_base_read_reg [19:10]).
Adding EN signal on $procdff$5757 ($dff) from module final_alu_runtime_top (D = \checker_half_range [9:0], Q = \csr_half_range_read_reg [9:0]).
Adding EN signal on $procdff$5757 ($dff) from module final_alu_runtime_top (D = \checker_half_range [19:10], Q = \csr_half_range_read_reg [19:10]).
Adding EN signal on $procdff$5758 ($dff) from module final_alu_runtime_top (D = \precomp_bitmap, Q = \csr_bitmap_read_reg).
Adding EN signal on $procdff$5759 ($dff) from module final_alu_runtime_top (D = \checker_M_base [9:0], Q = \op_M_base_hold [9:0]).
Adding EN signal on $procdff$5759 ($dff) from module final_alu_runtime_top (D = \checker_M_base [19:10], Q = \op_M_base_hold [19:10]).
Adding EN signal on $procdff$5760 ($dff) from module final_alu_runtime_top (D = \checker_half_range [9:0], Q = \op_half_range_hold [9:0]).
Adding EN signal on $procdff$5760 ($dff) from module final_alu_runtime_top (D = \checker_half_range [19:10], Q = \op_half_range_hold [19:10]).
Adding EN signal on $procdff$5761 ($dff) from module final_alu_runtime_top (D = $procmux$3480_Y, Q = \op_busy_reg).
Adding EN signal on $procdff$5762 ($dff) from module final_alu_runtime_top (D = $procmux$3473_Y, Q = \error_detected_reg).
Adding EN signal on $procdff$5763 ($dff) from module final_alu_runtime_top (D = $procmux$3464_Y, Q = \corrected_reg).
Adding EN signal on $procdff$5764 ($dff) from module final_alu_runtime_top (D = $procmux$3455_Y, Q = \valid_reg).
Adding EN signal on $procdff$5765 ($dff) from module final_alu_runtime_top (D = $procmux$3446_Y, Q = \uncorrectable_reg).
Adding EN signal on $procdff$5766 ($dff) from module final_alu_runtime_top (D = \corrector_mismatch_mask_hold, Q = \last_mismatch_mask_reg).
Adding EN signal on $procdff$5767 ($dff) from module final_alu_runtime_top (D = \corrector_mismatch_count_hold, Q = \last_mismatch_count_reg).
Adding EN signal on $procdff$5768 ($dff) from module final_alu_runtime_top (D = \corrector_lane_mask_hold, Q = \last_corrected_lane_mask_reg).
Adding SRST signal on $procdff$5769 ($dff) from module final_alu_runtime_top (D = $procmux$2716_Y, Q = \checker_start_reg, rval = 1'0).
Adding SRST signal on $procdff$5770 ($dff) from module final_alu_runtime_top (D = $procmux$2657_Y, Q = \precomp_start_reg, rval = 1'0).
Adding SRST signal on $procdff$5771 ($dff) from module final_alu_runtime_top (D = $procmux$2603_Y, Q = \enc_start_reg, rval = 1'0).
Adding SRST signal on $procdff$5772 ($dff) from module final_alu_runtime_top (D = $procmux$3407_Y, Q = \enc_select_b_reg, rval = 1'0).
Adding EN signal on $auto$ff.cc:266:slice$6921 ($sdff) from module final_alu_runtime_top (D = $procmux$3407_Y, Q = \enc_select_b_reg).
Adding EN signal on $procdff$5773 ($dff) from module final_alu_runtime_top (D = \enc_res_flat [19:10], Q = \a_res_flat_reg [19:10]).
Adding EN signal on $procdff$5773 ($dff) from module final_alu_runtime_top (D = \enc_res_flat [9:0], Q = \a_res_flat_reg [9:0]).
Adding EN signal on $procdff$5773 ($dff) from module final_alu_runtime_top (D = \enc_res_flat [29:20], Q = \a_res_flat_reg [29:20]).
Adding EN signal on $procdff$5774 ($dff) from module final_alu_runtime_top (D = \enc_res_flat [24:20], Q = \b_res_flat_reg [24:20]).
Adding EN signal on $procdff$5774 ($dff) from module final_alu_runtime_top (D = \enc_res_flat [19:10], Q = \b_res_flat_reg [19:10]).
Adding EN signal on $procdff$5774 ($dff) from module final_alu_runtime_top (D = \enc_res_flat [9:0], Q = \b_res_flat_reg [9:0]).
Adding EN signal on $procdff$5774 ($dff) from module final_alu_runtime_top (D = \enc_res_flat [29:25], Q = \b_res_flat_reg [29:25]).
Adding SRST signal on $procdff$5775 ($dff) from module final_alu_runtime_top (D = $procmux$2572_Y, Q = \slice_start_reg, rval = 1'0).
Adding EN signal on $procdff$5776 ($dff) from module final_alu_runtime_top (D = \slice_z_res, Q = \slice_z_res_hold).
Adding EN signal on $procdff$5777 ($dff) from module final_alu_runtime_top (D = \slice_z_res [0], Q = \slice_z_res_bit0_store_reg).
Adding EN signal on $procdff$5778 ($dff) from module final_alu_runtime_top (D = \slice_z_res [2], Q = \slice_z_res_bit2_store_reg).
Adding EN signal on $procdff$5779 ($dff) from module final_alu_runtime_top (D = \slice_z_res [3], Q = \slice_z_res_bit3_store_reg).
Adding EN signal on $procdff$5780 ($dff) from module final_alu_runtime_top (D = $procmux$3258_Y, Q = \slice_a_reg).
Adding EN signal on $procdff$5781 ($dff) from module final_alu_runtime_top (D = $procmux$3236_Y, Q = \slice_a_bit0_launch_reg).
Adding EN signal on $procdff$5782 ($dff) from module final_alu_runtime_top (D = $procmux$3214_Y, Q = \slice_b_reg).
Adding EN signal on $procdff$5783 ($dff) from module final_alu_runtime_top (D = $procmux$3193_Y, Q = \slice_m_reg).
Adding EN signal on $procdff$5784 ($dff) from module final_alu_runtime_top (D = \Op_Sel, Q = \op_sel_reg).
Adding EN signal on $procdff$5785 ($dff) from module final_alu_runtime_top (D = $procmux$2285_Y, Q = \enc_operand_reg [11:0]).
Adding EN signal on $procdff$5785 ($dff) from module final_alu_runtime_top (D = $procmux$3399_Y, Q = \enc_operand_reg [23:12]).
Adding EN signal on $procdff$5786 ($dff) from module final_alu_runtime_top (D = \op_range_error, Q = \raw_range_error_reg).
Adding SRST signal on $procdff$5787 ($dff) from module final_alu_runtime_top (D = $procmux$2537_Y, Q = \op_range_start_reg, rval = 1'0).
Adding EN signal on $procdff$5788 ($dff) from module final_alu_runtime_top (D = { \slice_z_res_hold [4] \slice_z_res_bit3_store_reg \slice_z_res_bit2_store_reg \slice_z_res_hold [1] \slice_z_res_bit0_store_reg }, Q = \z0_reg).
Adding EN signal on $procdff$5789 ($dff) from module final_alu_runtime_top (D = { \slice_z_res_hold [4] \slice_z_res_bit3_store_reg \slice_z_res_bit2_store_reg \slice_z_res_hold [1] \slice_z_res_bit0_store_reg }, Q = \z1_reg).
Adding EN signal on $procdff$5790 ($dff) from module final_alu_runtime_top (D = { \slice_z_res_hold [4] \slice_z_res_bit3_store_reg \slice_z_res_bit2_store_reg \slice_z_res_hold [1] \slice_z_res_bit0_store_reg }, Q = \z2_reg).
Adding EN signal on $procdff$5791 ($dff) from module final_alu_runtime_top (D = { \slice_z_res_hold [4] \slice_z_res_bit3_store_reg \slice_z_res_bit2_store_reg \slice_z_res_hold [1] \slice_z_res_bit0_store_reg }, Q = \z3_reg).
Adding EN signal on $procdff$5792 ($dff) from module final_alu_runtime_top (D = { \slice_z_res_hold [4] \slice_z_res_bit3_store_reg \slice_z_res_bit2_store_reg \slice_z_res_hold [1] \slice_z_res_bit0_store_reg }, Q = \z4_reg).
Adding EN signal on $procdff$5793 ($dff) from module final_alu_runtime_top (D = { \slice_z_res_hold [4] \slice_z_res_bit3_store_reg \slice_z_res_bit2_store_reg \slice_z_res_hold [1] \slice_z_res_bit0_store_reg }, Q = \z5_reg).
Adding SRST signal on $procdff$5794 ($dff) from module final_alu_runtime_top (D = $procmux$2553_Y, Q = \corrector_start_reg, rval = 1'0).
Adding EN signal on $procdff$5795 ($dff) from module final_alu_runtime_top (D = \corrector_candidate_base [19:14], Q = \corrector_candidate_base_hold [19:14]).
Adding EN signal on $procdff$5795 ($dff) from module final_alu_runtime_top (D = \corrector_candidate_base [13:7], Q = \corrector_candidate_base_hold [13:7]).
Adding EN signal on $procdff$5795 ($dff) from module final_alu_runtime_top (D = \corrector_candidate_base [6:0], Q = \corrector_candidate_base_hold [6:0]).
Setting constant 0-bit at position 0 on $procdff$5744 ($dff) from module final_alu_runtime_top.

15.7. Executing OPT_CLEAN pass (remove unused cells and wires).
Finding unused cells or wires in module $paramod\final_alu_cfg_regs\WM=s32'00000000000000000000000000000101..
Finding unused cells or wires in module $paramod$9b3939a60ab655ff6b5bd5df57c0bdbbd255081a\final_alu_cfg_checker..
Finding unused cells or wires in module $paramod$4189ba8f5f2c2b48a04fc022fed7b1fdd11c3d0e\final_alu_cfg_precompute..
Finding unused cells or wires in module $paramod$a1eea2f2e8d1a342568fc48780b8e97a0b12c301\final_alu_op_range_guard..
Finding unused cells or wires in module $paramod$3d5933457824fda5c29cfed42e669bf3c7234f6e\final_alu_encoder_runtime..
Finding unused cells or wires in module $paramod\final_alu_slice_runtime\WM=s32'00000000000000000000000000000101..
Finding unused cells or wires in module $paramod$4189ba8f5f2c2b48a04fc022fed7b1fdd11c3d0e\final_alu_corrector_search_v18..
Finding unused cells or wires in module $paramod$a1eea2f2e8d1a342568fc48780b8e97a0b12c301\final_alu_range_check..
Finding unused cells or wires in module $paramod$7fc61225471e37c5061c2290377709fe8f34c170\final_alu_runtime_cu..
Finding unused cells or wires in module \final_alu_runtime_top..
Removed 364 unused cells and 1759 unused wires.
<suppressed ~374 debug messages>

15.8. Executing OPT_EXPR pass (perform const folding).
Optimizing module $paramod$3d5933457824fda5c29cfed42e669bf3c7234f6e\final_alu_encoder_runtime.
<suppressed ~6 debug messages>
Optimizing module $paramod$4189ba8f5f2c2b48a04fc022fed7b1fdd11c3d0e\final_alu_cfg_precompute.
Optimizing module $paramod$4189ba8f5f2c2b48a04fc022fed7b1fdd11c3d0e\final_alu_corrector_search_v18.
<suppressed ~24 debug messages>
Optimizing module $paramod$7fc61225471e37c5061c2290377709fe8f34c170\final_alu_runtime_cu.
Optimizing module $paramod$9b3939a60ab655ff6b5bd5df57c0bdbbd255081a\final_alu_cfg_checker.
<suppressed ~7 debug messages>
Optimizing module $paramod$a1eea2f2e8d1a342568fc48780b8e97a0b12c301\final_alu_op_range_guard.
<suppressed ~6 debug messages>
Optimizing module $paramod$a1eea2f2e8d1a342568fc48780b8e97a0b12c301\final_alu_range_check.
Optimizing module $paramod\final_alu_cfg_regs\WM=s32'00000000000000000000000000000101.
Optimizing module $paramod\final_alu_slice_runtime\WM=s32'00000000000000000000000000000101.
<suppressed ~5 debug messages>
Optimizing module final_alu_runtime_top.
<suppressed ~29 debug messages>

15.9. Rerunning OPT passes. (Maybe there is more to do..)

15.10. Executing OPT_MUXTREE pass (detect dead branches in mux trees).
Running muxtree optimizer on module $paramod$3d5933457824fda5c29cfed42e669bf3c7234f6e\final_alu_encoder_runtime..
  Creating internal representation of mux trees.
  Evaluating internal representation of mux trees.
  Analyzing evaluation results.
Running muxtree optimizer on module $paramod$4189ba8f5f2c2b48a04fc022fed7b1fdd11c3d0e\final_alu_cfg_precompute..
  Creating internal representation of mux trees.
  Evaluating internal representation of mux trees.
  Analyzing evaluation results.
Running muxtree optimizer on module $paramod$4189ba8f5f2c2b48a04fc022fed7b1fdd11c3d0e\final_alu_corrector_search_v18..
  Creating internal representation of mux trees.
  Evaluating internal representation of mux trees.
  Analyzing evaluation results.
Running muxtree optimizer on module $paramod$7fc61225471e37c5061c2290377709fe8f34c170\final_alu_runtime_cu..
  Creating internal representation of mux trees.
  No muxes found in this module.
Running muxtree optimizer on module $paramod$9b3939a60ab655ff6b5bd5df57c0bdbbd255081a\final_alu_cfg_checker..
  Creating internal representation of mux trees.
  Evaluating internal representation of mux trees.
  Analyzing evaluation results.
Running muxtree optimizer on module $paramod$a1eea2f2e8d1a342568fc48780b8e97a0b12c301\final_alu_op_range_guard..
  Creating internal representation of mux trees.
  Evaluating internal representation of mux trees.
  Analyzing evaluation results.
Running muxtree optimizer on module $paramod$a1eea2f2e8d1a342568fc48780b8e97a0b12c301\final_alu_range_check..
  Creating internal representation of mux trees.
  Evaluating internal representation of mux trees.
  Analyzing evaluation results.
Running muxtree optimizer on module $paramod\final_alu_cfg_regs\WM=s32'00000000000000000000000000000101..
  Creating internal representation of mux trees.
  Evaluating internal representation of mux trees.
  Analyzing evaluation results.
Running muxtree optimizer on module $paramod\final_alu_slice_runtime\WM=s32'00000000000000000000000000000101..
  Creating internal representation of mux trees.
  Evaluating internal representation of mux trees.
  Analyzing evaluation results.
Running muxtree optimizer on module \final_alu_runtime_top..
  Creating internal representation of mux trees.
  Evaluating internal representation of mux trees.
  Analyzing evaluation results.
Removed 0 multiplexer ports.
<suppressed ~130 debug messages>

15.11. Executing OPT_REDUCE pass (consolidate $*mux and $reduce_* inputs).
  Optimizing cells in module $paramod$3d5933457824fda5c29cfed42e669bf3c7234f6e\final_alu_encoder_runtime.
  Optimizing cells in module $paramod$4189ba8f5f2c2b48a04fc022fed7b1fdd11c3d0e\final_alu_cfg_precompute.
  Optimizing cells in module $paramod$4189ba8f5f2c2b48a04fc022fed7b1fdd11c3d0e\final_alu_corrector_search_v18.
  Optimizing cells in module $paramod$7fc61225471e37c5061c2290377709fe8f34c170\final_alu_runtime_cu.
  Optimizing cells in module $paramod$9b3939a60ab655ff6b5bd5df57c0bdbbd255081a\final_alu_cfg_checker.
  Optimizing cells in module $paramod$a1eea2f2e8d1a342568fc48780b8e97a0b12c301\final_alu_op_range_guard.
  Optimizing cells in module $paramod$a1eea2f2e8d1a342568fc48780b8e97a0b12c301\final_alu_range_check.
  Optimizing cells in module $paramod\final_alu_cfg_regs\WM=s32'00000000000000000000000000000101.
  Optimizing cells in module $paramod\final_alu_slice_runtime\WM=s32'00000000000000000000000000000101.
  Optimizing cells in module \final_alu_runtime_top.
Performed a total of 0 changes.

15.12. Executing OPT_MERGE pass (detect identical cells).
Finding identical cells in module `$paramod$3d5933457824fda5c29cfed42e669bf3c7234f6e\final_alu_encoder_runtime'.
<suppressed ~30 debug messages>
Finding identical cells in module `$paramod$4189ba8f5f2c2b48a04fc022fed7b1fdd11c3d0e\final_alu_cfg_precompute'.
Finding identical cells in module `$paramod$4189ba8f5f2c2b48a04fc022fed7b1fdd11c3d0e\final_alu_corrector_search_v18'.
<suppressed ~351 debug messages>
Finding identical cells in module `$paramod$7fc61225471e37c5061c2290377709fe8f34c170\final_alu_runtime_cu'.
Finding identical cells in module `$paramod$9b3939a60ab655ff6b5bd5df57c0bdbbd255081a\final_alu_cfg_checker'.
<suppressed ~81 debug messages>
Finding identical cells in module `$paramod$a1eea2f2e8d1a342568fc48780b8e97a0b12c301\final_alu_op_range_guard'.
<suppressed ~87 debug messages>
Finding identical cells in module `$paramod$a1eea2f2e8d1a342568fc48780b8e97a0b12c301\final_alu_range_check'.
Finding identical cells in module `$paramod\final_alu_cfg_regs\WM=s32'00000000000000000000000000000101'.
<suppressed ~6 debug messages>
Finding identical cells in module `$paramod\final_alu_slice_runtime\WM=s32'00000000000000000000000000000101'.
<suppressed ~39 debug messages>
Finding identical cells in module `\final_alu_runtime_top'.
<suppressed ~303 debug messages>
Removed a total of 299 cells.

15.13. Executing OPT_DFF pass (perform DFF optimizations).
Setting constant 0-bit at position 19 on $procdff$5649 ($dff) from module $paramod$9b3939a60ab655ff6b5bd5df57c0bdbbd255081a\final_alu_cfg_checker.

15.14. Executing OPT_CLEAN pass (remove unused cells and wires).
Finding unused cells or wires in module $paramod$3d5933457824fda5c29cfed42e669bf3c7234f6e\final_alu_encoder_runtime..
Finding unused cells or wires in module $paramod$4189ba8f5f2c2b48a04fc022fed7b1fdd11c3d0e\final_alu_cfg_precompute..
Finding unused cells or wires in module $paramod$4189ba8f5f2c2b48a04fc022fed7b1fdd11c3d0e\final_alu_corrector_search_v18..
Finding unused cells or wires in module $paramod$7fc61225471e37c5061c2290377709fe8f34c170\final_alu_runtime_cu..
Finding unused cells or wires in module $paramod$9b3939a60ab655ff6b5bd5df57c0bdbbd255081a\final_alu_cfg_checker..
Finding unused cells or wires in module $paramod$a1eea2f2e8d1a342568fc48780b8e97a0b12c301\final_alu_op_range_guard..
Finding unused cells or wires in module $paramod$a1eea2f2e8d1a342568fc48780b8e97a0b12c301\final_alu_range_check..
Finding unused cells or wires in module $paramod\final_alu_cfg_regs\WM=s32'00000000000000000000000000000101..
Finding unused cells or wires in module $paramod\final_alu_slice_runtime\WM=s32'00000000000000000000000000000101..
Finding unused cells or wires in module \final_alu_runtime_top..
Removed 0 unused cells and 295 unused wires.
<suppressed ~7 debug messages>

15.15. Executing OPT_EXPR pass (perform const folding).
Optimizing module $paramod$3d5933457824fda5c29cfed42e669bf3c7234f6e\final_alu_encoder_runtime.
Optimizing module $paramod$4189ba8f5f2c2b48a04fc022fed7b1fdd11c3d0e\final_alu_cfg_precompute.
Optimizing module $paramod$4189ba8f5f2c2b48a04fc022fed7b1fdd11c3d0e\final_alu_corrector_search_v18.
Optimizing module $paramod$7fc61225471e37c5061c2290377709fe8f34c170\final_alu_runtime_cu.
Optimizing module $paramod$9b3939a60ab655ff6b5bd5df57c0bdbbd255081a\final_alu_cfg_checker.
Optimizing module $paramod$a1eea2f2e8d1a342568fc48780b8e97a0b12c301\final_alu_op_range_guard.
Optimizing module $paramod$a1eea2f2e8d1a342568fc48780b8e97a0b12c301\final_alu_range_check.
Optimizing module $paramod\final_alu_cfg_regs\WM=s32'00000000000000000000000000000101.
Optimizing module $paramod\final_alu_slice_runtime\WM=s32'00000000000000000000000000000101.
Optimizing module final_alu_runtime_top.

15.16. Rerunning OPT passes. (Maybe there is more to do..)

15.17. Executing OPT_MUXTREE pass (detect dead branches in mux trees).
Running muxtree optimizer on module $paramod$3d5933457824fda5c29cfed42e669bf3c7234f6e\final_alu_encoder_runtime..
  Creating internal representation of mux trees.
  Evaluating internal representation of mux trees.
  Analyzing evaluation results.
Running muxtree optimizer on module $paramod$4189ba8f5f2c2b48a04fc022fed7b1fdd11c3d0e\final_alu_cfg_precompute..
  Creating internal representation of mux trees.
  Evaluating internal representation of mux trees.
  Analyzing evaluation results.
Running muxtree optimizer on module $paramod$4189ba8f5f2c2b48a04fc022fed7b1fdd11c3d0e\final_alu_corrector_search_v18..
  Creating internal representation of mux trees.
  Evaluating internal representation of mux trees.
  Analyzing evaluation results.
Running muxtree optimizer on module $paramod$7fc61225471e37c5061c2290377709fe8f34c170\final_alu_runtime_cu..
  Creating internal representation of mux trees.
  No muxes found in this module.
Running muxtree optimizer on module $paramod$9b3939a60ab655ff6b5bd5df57c0bdbbd255081a\final_alu_cfg_checker..
  Creating internal representation of mux trees.
  Evaluating internal representation of mux trees.
  Analyzing evaluation results.
Running muxtree optimizer on module $paramod$a1eea2f2e8d1a342568fc48780b8e97a0b12c301\final_alu_op_range_guard..
  Creating internal representation of mux trees.
  Evaluating internal representation of mux trees.
  Analyzing evaluation results.
Running muxtree optimizer on module $paramod$a1eea2f2e8d1a342568fc48780b8e97a0b12c301\final_alu_range_check..
  Creating internal representation of mux trees.
  Evaluating internal representation of mux trees.
  Analyzing evaluation results.
Running muxtree optimizer on module $paramod\final_alu_cfg_regs\WM=s32'00000000000000000000000000000101..
  Creating internal representation of mux trees.
  Evaluating internal representation of mux trees.
  Analyzing evaluation results.
Running muxtree optimizer on module $paramod\final_alu_slice_runtime\WM=s32'00000000000000000000000000000101..
  Creating internal representation of mux trees.
  Evaluating internal representation of mux trees.
  Analyzing evaluation results.
Running muxtree optimizer on module \final_alu_runtime_top..
  Creating internal representation of mux trees.
  Evaluating internal representation of mux trees.
  Analyzing evaluation results.
Removed 0 multiplexer ports.
<suppressed ~130 debug messages>

15.18. Executing OPT_REDUCE pass (consolidate $*mux and $reduce_* inputs).
  Optimizing cells in module $paramod$3d5933457824fda5c29cfed42e669bf3c7234f6e\final_alu_encoder_runtime.
  Optimizing cells in module $paramod$4189ba8f5f2c2b48a04fc022fed7b1fdd11c3d0e\final_alu_cfg_precompute.
  Optimizing cells in module $paramod$4189ba8f5f2c2b48a04fc022fed7b1fdd11c3d0e\final_alu_corrector_search_v18.
  Optimizing cells in module $paramod$7fc61225471e37c5061c2290377709fe8f34c170\final_alu_runtime_cu.
  Optimizing cells in module $paramod$9b3939a60ab655ff6b5bd5df57c0bdbbd255081a\final_alu_cfg_checker.
  Optimizing cells in module $paramod$a1eea2f2e8d1a342568fc48780b8e97a0b12c301\final_alu_op_range_guard.
  Optimizing cells in module $paramod$a1eea2f2e8d1a342568fc48780b8e97a0b12c301\final_alu_range_check.
  Optimizing cells in module $paramod\final_alu_cfg_regs\WM=s32'00000000000000000000000000000101.
  Optimizing cells in module $paramod\final_alu_slice_runtime\WM=s32'00000000000000000000000000000101.
  Optimizing cells in module \final_alu_runtime_top.
Performed a total of 0 changes.

15.19. Executing OPT_MERGE pass (detect identical cells).
Finding identical cells in module `$paramod$3d5933457824fda5c29cfed42e669bf3c7234f6e\final_alu_encoder_runtime'.
Finding identical cells in module `$paramod$4189ba8f5f2c2b48a04fc022fed7b1fdd11c3d0e\final_alu_cfg_precompute'.
Finding identical cells in module `$paramod$4189ba8f5f2c2b48a04fc022fed7b1fdd11c3d0e\final_alu_corrector_search_v18'.
Finding identical cells in module `$paramod$7fc61225471e37c5061c2290377709fe8f34c170\final_alu_runtime_cu'.
Finding identical cells in module `$paramod$9b3939a60ab655ff6b5bd5df57c0bdbbd255081a\final_alu_cfg_checker'.
Finding identical cells in module `$paramod$a1eea2f2e8d1a342568fc48780b8e97a0b12c301\final_alu_op_range_guard'.
Finding identical cells in module `$paramod$a1eea2f2e8d1a342568fc48780b8e97a0b12c301\final_alu_range_check'.
Finding identical cells in module `$paramod\final_alu_cfg_regs\WM=s32'00000000000000000000000000000101'.
Finding identical cells in module `$paramod\final_alu_slice_runtime\WM=s32'00000000000000000000000000000101'.
Finding identical cells in module `\final_alu_runtime_top'.
Removed a total of 0 cells.

15.20. Executing OPT_DFF pass (perform DFF optimizations).

15.21. Executing OPT_CLEAN pass (remove unused cells and wires).
Finding unused cells or wires in module $paramod$3d5933457824fda5c29cfed42e669bf3c7234f6e\final_alu_encoder_runtime..
Finding unused cells or wires in module $paramod$4189ba8f5f2c2b48a04fc022fed7b1fdd11c3d0e\final_alu_cfg_precompute..
Finding unused cells or wires in module $paramod$4189ba8f5f2c2b48a04fc022fed7b1fdd11c3d0e\final_alu_corrector_search_v18..
Finding unused cells or wires in module $paramod$7fc61225471e37c5061c2290377709fe8f34c170\final_alu_runtime_cu..
Finding unused cells or wires in module $paramod$9b3939a60ab655ff6b5bd5df57c0bdbbd255081a\final_alu_cfg_checker..
Finding unused cells or wires in module $paramod$a1eea2f2e8d1a342568fc48780b8e97a0b12c301\final_alu_op_range_guard..
Finding unused cells or wires in module $paramod$a1eea2f2e8d1a342568fc48780b8e97a0b12c301\final_alu_range_check..
Finding unused cells or wires in module $paramod\final_alu_cfg_regs\WM=s32'00000000000000000000000000000101..
Finding unused cells or wires in module $paramod\final_alu_slice_runtime\WM=s32'00000000000000000000000000000101..
Finding unused cells or wires in module \final_alu_runtime_top..

15.22. Executing OPT_EXPR pass (perform const folding).
Optimizing module $paramod$3d5933457824fda5c29cfed42e669bf3c7234f6e\final_alu_encoder_runtime.
Optimizing module $paramod$4189ba8f5f2c2b48a04fc022fed7b1fdd11c3d0e\final_alu_cfg_precompute.
Optimizing module $paramod$4189ba8f5f2c2b48a04fc022fed7b1fdd11c3d0e\final_alu_corrector_search_v18.
Optimizing module $paramod$7fc61225471e37c5061c2290377709fe8f34c170\final_alu_runtime_cu.
Optimizing module $paramod$9b3939a60ab655ff6b5bd5df57c0bdbbd255081a\final_alu_cfg_checker.
Optimizing module $paramod$a1eea2f2e8d1a342568fc48780b8e97a0b12c301\final_alu_op_range_guard.
Optimizing module $paramod$a1eea2f2e8d1a342568fc48780b8e97a0b12c301\final_alu_range_check.
Optimizing module $paramod\final_alu_cfg_regs\WM=s32'00000000000000000000000000000101.
Optimizing module $paramod\final_alu_slice_runtime\WM=s32'00000000000000000000000000000101.
Optimizing module final_alu_runtime_top.

15.23. Finished OPT passes. (There is nothing left to do.)

16. Executing FSM pass (extract and optimize FSM).

16.1. Executing FSM_DETECT pass (finding FSMs in design).

16.2. Executing FSM_EXTRACT pass (extracting FSM from design).

16.3. Executing FSM_OPT pass (simple optimizations of FSMs).

16.4. Executing OPT_CLEAN pass (remove unused cells and wires).
Finding unused cells or wires in module $paramod$3d5933457824fda5c29cfed42e669bf3c7234f6e\final_alu_encoder_runtime..
Finding unused cells or wires in module $paramod$4189ba8f5f2c2b48a04fc022fed7b1fdd11c3d0e\final_alu_cfg_precompute..
Finding unused cells or wires in module $paramod$4189ba8f5f2c2b48a04fc022fed7b1fdd11c3d0e\final_alu_corrector_search_v18..
Finding unused cells or wires in module $paramod$7fc61225471e37c5061c2290377709fe8f34c170\final_alu_runtime_cu..
Finding unused cells or wires in module $paramod$9b3939a60ab655ff6b5bd5df57c0bdbbd255081a\final_alu_cfg_checker..
Finding unused cells or wires in module $paramod$a1eea2f2e8d1a342568fc48780b8e97a0b12c301\final_alu_op_range_guard..
Finding unused cells or wires in module $paramod$a1eea2f2e8d1a342568fc48780b8e97a0b12c301\final_alu_range_check..
Finding unused cells or wires in module $paramod\final_alu_cfg_regs\WM=s32'00000000000000000000000000000101..
Finding unused cells or wires in module $paramod\final_alu_slice_runtime\WM=s32'00000000000000000000000000000101..
Finding unused cells or wires in module \final_alu_runtime_top..

16.5. Executing FSM_OPT pass (simple optimizations of FSMs).

16.6. Executing FSM_RECODE pass (re-assigning FSM state encoding).

16.7. Executing FSM_INFO pass (dumping all available information on FSM cells).

16.8. Executing FSM_MAP pass (mapping FSMs to basic logic).

17. Executing OPT pass (performing simple optimizations).

17.1. Executing OPT_EXPR pass (perform const folding).
Optimizing module $paramod$3d5933457824fda5c29cfed42e669bf3c7234f6e\final_alu_encoder_runtime.
Optimizing module $paramod$4189ba8f5f2c2b48a04fc022fed7b1fdd11c3d0e\final_alu_cfg_precompute.
Optimizing module $paramod$4189ba8f5f2c2b48a04fc022fed7b1fdd11c3d0e\final_alu_corrector_search_v18.
Optimizing module $paramod$7fc61225471e37c5061c2290377709fe8f34c170\final_alu_runtime_cu.
Optimizing module $paramod$9b3939a60ab655ff6b5bd5df57c0bdbbd255081a\final_alu_cfg_checker.
Optimizing module $paramod$a1eea2f2e8d1a342568fc48780b8e97a0b12c301\final_alu_op_range_guard.
Optimizing module $paramod$a1eea2f2e8d1a342568fc48780b8e97a0b12c301\final_alu_range_check.
Optimizing module $paramod\final_alu_cfg_regs\WM=s32'00000000000000000000000000000101.
Optimizing module $paramod\final_alu_slice_runtime\WM=s32'00000000000000000000000000000101.
Optimizing module final_alu_runtime_top.

17.2. Executing OPT_MERGE pass (detect identical cells).
Finding identical cells in module `$paramod$3d5933457824fda5c29cfed42e669bf3c7234f6e\final_alu_encoder_runtime'.
Finding identical cells in module `$paramod$4189ba8f5f2c2b48a04fc022fed7b1fdd11c3d0e\final_alu_cfg_precompute'.
Finding identical cells in module `$paramod$4189ba8f5f2c2b48a04fc022fed7b1fdd11c3d0e\final_alu_corrector_search_v18'.
Finding identical cells in module `$paramod$7fc61225471e37c5061c2290377709fe8f34c170\final_alu_runtime_cu'.
Finding identical cells in module `$paramod$9b3939a60ab655ff6b5bd5df57c0bdbbd255081a\final_alu_cfg_checker'.
Finding identical cells in module `$paramod$a1eea2f2e8d1a342568fc48780b8e97a0b12c301\final_alu_op_range_guard'.
Finding identical cells in module `$paramod$a1eea2f2e8d1a342568fc48780b8e97a0b12c301\final_alu_range_check'.
Finding identical cells in module `$paramod\final_alu_cfg_regs\WM=s32'00000000000000000000000000000101'.
Finding identical cells in module `$paramod\final_alu_slice_runtime\WM=s32'00000000000000000000000000000101'.
Finding identical cells in module `\final_alu_runtime_top'.
Removed a total of 0 cells.

17.3. Executing OPT_MUXTREE pass (detect dead branches in mux trees).
Running muxtree optimizer on module $paramod$3d5933457824fda5c29cfed42e669bf3c7234f6e\final_alu_encoder_runtime..
  Creating internal representation of mux trees.
  Evaluating internal representation of mux trees.
  Analyzing evaluation results.
Running muxtree optimizer on module $paramod$4189ba8f5f2c2b48a04fc022fed7b1fdd11c3d0e\final_alu_cfg_precompute..
  Creating internal representation of mux trees.
  Evaluating internal representation of mux trees.
  Analyzing evaluation results.
Running muxtree optimizer on module $paramod$4189ba8f5f2c2b48a04fc022fed7b1fdd11c3d0e\final_alu_corrector_search_v18..
  Creating internal representation of mux trees.
  Evaluating internal representation of mux trees.
  Analyzing evaluation results.
Running muxtree optimizer on module $paramod$7fc61225471e37c5061c2290377709fe8f34c170\final_alu_runtime_cu..
  Creating internal representation of mux trees.
  No muxes found in this module.
Running muxtree optimizer on module $paramod$9b3939a60ab655ff6b5bd5df57c0bdbbd255081a\final_alu_cfg_checker..
  Creating internal representation of mux trees.
  Evaluating internal representation of mux trees.
  Analyzing evaluation results.
Running muxtree optimizer on module $paramod$a1eea2f2e8d1a342568fc48780b8e97a0b12c301\final_alu_op_range_guard..
  Creating internal representation of mux trees.
  Evaluating internal representation of mux trees.
  Analyzing evaluation results.
Running muxtree optimizer on module $paramod$a1eea2f2e8d1a342568fc48780b8e97a0b12c301\final_alu_range_check..
  Creating internal representation of mux trees.
  Evaluating internal representation of mux trees.
  Analyzing evaluation results.
Running muxtree optimizer on module $paramod\final_alu_cfg_regs\WM=s32'00000000000000000000000000000101..
  Creating internal representation of mux trees.
  Evaluating internal representation of mux trees.
  Analyzing evaluation results.
Running muxtree optimizer on module $paramod\final_alu_slice_runtime\WM=s32'00000000000000000000000000000101..
  Creating internal representation of mux trees.
  Evaluating internal representation of mux trees.
  Analyzing evaluation results.
Running muxtree optimizer on module \final_alu_runtime_top..
  Creating internal representation of mux trees.
  Evaluating internal representation of mux trees.
  Analyzing evaluation results.
Removed 0 multiplexer ports.
<suppressed ~130 debug messages>

17.4. Executing OPT_REDUCE pass (consolidate $*mux and $reduce_* inputs).
  Optimizing cells in module $paramod$3d5933457824fda5c29cfed42e669bf3c7234f6e\final_alu_encoder_runtime.
  Optimizing cells in module $paramod$4189ba8f5f2c2b48a04fc022fed7b1fdd11c3d0e\final_alu_cfg_precompute.
  Optimizing cells in module $paramod$4189ba8f5f2c2b48a04fc022fed7b1fdd11c3d0e\final_alu_corrector_search_v18.
  Optimizing cells in module $paramod$7fc61225471e37c5061c2290377709fe8f34c170\final_alu_runtime_cu.
  Optimizing cells in module $paramod$9b3939a60ab655ff6b5bd5df57c0bdbbd255081a\final_alu_cfg_checker.
  Optimizing cells in module $paramod$a1eea2f2e8d1a342568fc48780b8e97a0b12c301\final_alu_op_range_guard.
  Optimizing cells in module $paramod$a1eea2f2e8d1a342568fc48780b8e97a0b12c301\final_alu_range_check.
  Optimizing cells in module $paramod\final_alu_cfg_regs\WM=s32'00000000000000000000000000000101.
  Optimizing cells in module $paramod\final_alu_slice_runtime\WM=s32'00000000000000000000000000000101.
  Optimizing cells in module \final_alu_runtime_top.
Performed a total of 0 changes.

17.5. Executing OPT_MERGE pass (detect identical cells).
Finding identical cells in module `$paramod$3d5933457824fda5c29cfed42e669bf3c7234f6e\final_alu_encoder_runtime'.
Finding identical cells in module `$paramod$4189ba8f5f2c2b48a04fc022fed7b1fdd11c3d0e\final_alu_cfg_precompute'.
Finding identical cells in module `$paramod$4189ba8f5f2c2b48a04fc022fed7b1fdd11c3d0e\final_alu_corrector_search_v18'.
Finding identical cells in module `$paramod$7fc61225471e37c5061c2290377709fe8f34c170\final_alu_runtime_cu'.
Finding identical cells in module `$paramod$9b3939a60ab655ff6b5bd5df57c0bdbbd255081a\final_alu_cfg_checker'.
Finding identical cells in module `$paramod$a1eea2f2e8d1a342568fc48780b8e97a0b12c301\final_alu_op_range_guard'.
Finding identical cells in module `$paramod$a1eea2f2e8d1a342568fc48780b8e97a0b12c301\final_alu_range_check'.
Finding identical cells in module `$paramod\final_alu_cfg_regs\WM=s32'00000000000000000000000000000101'.
Finding identical cells in module `$paramod\final_alu_slice_runtime\WM=s32'00000000000000000000000000000101'.
Finding identical cells in module `\final_alu_runtime_top'.
Removed a total of 0 cells.

17.6. Executing OPT_DFF pass (perform DFF optimizations).

17.7. Executing OPT_CLEAN pass (remove unused cells and wires).
Finding unused cells or wires in module $paramod$3d5933457824fda5c29cfed42e669bf3c7234f6e\final_alu_encoder_runtime..
Finding unused cells or wires in module $paramod$4189ba8f5f2c2b48a04fc022fed7b1fdd11c3d0e\final_alu_cfg_precompute..
Finding unused cells or wires in module $paramod$4189ba8f5f2c2b48a04fc022fed7b1fdd11c3d0e\final_alu_corrector_search_v18..
Finding unused cells or wires in module $paramod$7fc61225471e37c5061c2290377709fe8f34c170\final_alu_runtime_cu..
Finding unused cells or wires in module $paramod$9b3939a60ab655ff6b5bd5df57c0bdbbd255081a\final_alu_cfg_checker..
Finding unused cells or wires in module $paramod$a1eea2f2e8d1a342568fc48780b8e97a0b12c301\final_alu_op_range_guard..
Finding unused cells or wires in module $paramod$a1eea2f2e8d1a342568fc48780b8e97a0b12c301\final_alu_range_check..
Finding unused cells or wires in module $paramod\final_alu_cfg_regs\WM=s32'00000000000000000000000000000101..
Finding unused cells or wires in module $paramod\final_alu_slice_runtime\WM=s32'00000000000000000000000000000101..
Finding unused cells or wires in module \final_alu_runtime_top..

17.8. Executing OPT_EXPR pass (perform const folding).
Optimizing module $paramod$3d5933457824fda5c29cfed42e669bf3c7234f6e\final_alu_encoder_runtime.
Optimizing module $paramod$4189ba8f5f2c2b48a04fc022fed7b1fdd11c3d0e\final_alu_cfg_precompute.
Optimizing module $paramod$4189ba8f5f2c2b48a04fc022fed7b1fdd11c3d0e\final_alu_corrector_search_v18.
Optimizing module $paramod$7fc61225471e37c5061c2290377709fe8f34c170\final_alu_runtime_cu.
Optimizing module $paramod$9b3939a60ab655ff6b5bd5df57c0bdbbd255081a\final_alu_cfg_checker.
Optimizing module $paramod$a1eea2f2e8d1a342568fc48780b8e97a0b12c301\final_alu_op_range_guard.
Optimizing module $paramod$a1eea2f2e8d1a342568fc48780b8e97a0b12c301\final_alu_range_check.
Optimizing module $paramod\final_alu_cfg_regs\WM=s32'00000000000000000000000000000101.
Optimizing module $paramod\final_alu_slice_runtime\WM=s32'00000000000000000000000000000101.
Optimizing module final_alu_runtime_top.

17.9. Finished OPT passes. (There is nothing left to do.)

18. Executing MEMORY pass.

18.1. Executing OPT_MEM pass (optimize memories).
Performed a total of 0 transformations.

18.2. Executing OPT_MEM_PRIORITY pass (removing unnecessary memory write priority relations).
Performed a total of 0 transformations.

18.3. Executing OPT_MEM_FEEDBACK pass (finding memory read-to-write feedback paths).

18.4. Executing MEMORY_BMUX2ROM pass (converting muxes to ROMs).

18.5. Executing MEMORY_DFF pass (merging $dff cells to $memrd).

18.6. Executing OPT_CLEAN pass (remove unused cells and wires).
Finding unused cells or wires in module $paramod$3d5933457824fda5c29cfed42e669bf3c7234f6e\final_alu_encoder_runtime..
Finding unused cells or wires in module $paramod$4189ba8f5f2c2b48a04fc022fed7b1fdd11c3d0e\final_alu_cfg_precompute..
Finding unused cells or wires in module $paramod$4189ba8f5f2c2b48a04fc022fed7b1fdd11c3d0e\final_alu_corrector_search_v18..
Finding unused cells or wires in module $paramod$7fc61225471e37c5061c2290377709fe8f34c170\final_alu_runtime_cu..
Finding unused cells or wires in module $paramod$9b3939a60ab655ff6b5bd5df57c0bdbbd255081a\final_alu_cfg_checker..
Finding unused cells or wires in module $paramod$a1eea2f2e8d1a342568fc48780b8e97a0b12c301\final_alu_op_range_guard..
Finding unused cells or wires in module $paramod$a1eea2f2e8d1a342568fc48780b8e97a0b12c301\final_alu_range_check..
Finding unused cells or wires in module $paramod\final_alu_cfg_regs\WM=s32'00000000000000000000000000000101..
Finding unused cells or wires in module $paramod\final_alu_slice_runtime\WM=s32'00000000000000000000000000000101..
Finding unused cells or wires in module \final_alu_runtime_top..

18.7. Executing MEMORY_SHARE pass (consolidating $memrd/$memwr cells).

18.8. Executing OPT_MEM_WIDEN pass (optimize memories where all ports are wide).
Performed a total of 0 transformations.

18.9. Executing OPT_CLEAN pass (remove unused cells and wires).
Finding unused cells or wires in module $paramod$3d5933457824fda5c29cfed42e669bf3c7234f6e\final_alu_encoder_runtime..
Finding unused cells or wires in module $paramod$4189ba8f5f2c2b48a04fc022fed7b1fdd11c3d0e\final_alu_cfg_precompute..
Finding unused cells or wires in module $paramod$4189ba8f5f2c2b48a04fc022fed7b1fdd11c3d0e\final_alu_corrector_search_v18..
Finding unused cells or wires in module $paramod$7fc61225471e37c5061c2290377709fe8f34c170\final_alu_runtime_cu..
Finding unused cells or wires in module $paramod$9b3939a60ab655ff6b5bd5df57c0bdbbd255081a\final_alu_cfg_checker..
Finding unused cells or wires in module $paramod$a1eea2f2e8d1a342568fc48780b8e97a0b12c301\final_alu_op_range_guard..
Finding unused cells or wires in module $paramod$a1eea2f2e8d1a342568fc48780b8e97a0b12c301\final_alu_range_check..
Finding unused cells or wires in module $paramod\final_alu_cfg_regs\WM=s32'00000000000000000000000000000101..
Finding unused cells or wires in module $paramod\final_alu_slice_runtime\WM=s32'00000000000000000000000000000101..
Finding unused cells or wires in module \final_alu_runtime_top..

18.10. Executing MEMORY_COLLECT pass (generating $mem cells).

18.11. Executing MEMORY_MAP pass (converting memories to logic and flip-flops).

19. Executing TECHMAP pass (map to technology primitives).

19.1. Executing Verilog-2005 frontend: /usr/bin/../share/yosys/techmap.v
Parsing Verilog input from `/usr/bin/../share/yosys/techmap.v' to AST representation.
Generating RTLIL representation for module `\_90_simplemap_bool_ops'.
Generating RTLIL representation for module `\_90_simplemap_reduce_ops'.
Generating RTLIL representation for module `\_90_simplemap_logic_ops'.
Generating RTLIL representation for module `\_90_simplemap_compare_ops'.
Generating RTLIL representation for module `\_90_simplemap_various'.
Generating RTLIL representation for module `\_90_simplemap_registers'.
Generating RTLIL representation for module `\_90_shift_ops_shr_shl_sshl_sshr'.
Generating RTLIL representation for module `\_90_shift_shiftx'.
Generating RTLIL representation for module `\_90_fa'.
Generating RTLIL representation for module `\_90_lcu'.
Generating RTLIL representation for module `\_90_alu'.
Generating RTLIL representation for module `\_90_macc'.
Generating RTLIL representation for module `\_90_alumacc'.
Generating RTLIL representation for module `\$__div_mod_u'.
Generating RTLIL representation for module `\$__div_mod_trunc'.
Generating RTLIL representation for module `\_90_div'.
Generating RTLIL representation for module `\_90_mod'.
Generating RTLIL representation for module `\$__div_mod_floor'.
Generating RTLIL representation for module `\_90_divfloor'.
Generating RTLIL representation for module `\_90_modfloor'.
Generating RTLIL representation for module `\_90_pow'.
Generating RTLIL representation for module `\_90_pmux'.
Generating RTLIL representation for module `\_90_demux'.
Generating RTLIL representation for module `\_90_lut'.
Successfully finished Verilog frontend.

19.2. Continuing TECHMAP pass.
Using extmapper simplemap for cells of type $mux.
Using extmapper simplemap for cells of type $or.
Using extmapper simplemap for cells of type $not.
Using extmapper simplemap for cells of type $and.
Using extmapper simplemap for cells of type $reduce_or.
Using extmapper simplemap for cells of type $logic_and.
Using extmapper simplemap for cells of type $logic_not.
Running "alumacc" on wrapper $extern:wrap:$add:A_SIGNED=0:A_WIDTH=3:B_SIGNED=0:B_WIDTH=3:Y_WIDTH=3:394426c56d1a028ba8fdd5469b163e04011def47.
Using template $extern:wrap:$add:A_SIGNED=0:A_WIDTH=3:B_SIGNED=0:B_WIDTH=3:Y_WIDTH=3:394426c56d1a028ba8fdd5469b163e04011def47 for cells of type $extern:wrap:$add:A_SIGNED=0:A_WIDTH=3:B_SIGNED=0:B_WIDTH=3:Y_WIDTH=3:394426c56d1a028ba8fdd5469b163e04011def47.
Using extmapper simplemap for cells of type $eq.
Using template $paramod$90ef9d3919151a0ff7c15c5c14550fb560f421a1\_90_pmux for cells of type $pmux.
Using template $paramod$70d30c21ff772b34d0d1da2801fbd781dc3c70e4\_90_pmux for cells of type $pmux.
Using template $paramod$c5c783b17ab1d780abfad8cfe6563a0a7b47a3b0\_90_pmux for cells of type $pmux.
Using template $paramod$d629d85c8826a74239b9178d1930215a43b0ceb0\_90_pmux for cells of type $pmux.
Using template $paramod$20d3ee62d72123142eb855d7ddafd835e31ba009\_90_pmux for cells of type $pmux.
Using template $paramod$b3b6ac92d800c6f07aa48f510f923d86a674e5a7\_90_pmux for cells of type $pmux.
Using template $paramod$ed0bb9616228df1e6c226f91f8133e751815f1b1\_90_pmux for cells of type $pmux.
Using template $paramod$32e7c4d6f92ff4337599ece53082d2e88a82a9f2\_90_pmux for cells of type $pmux.
Using template $paramod$b6ec48645094baeb70d6b93add0cdbbe7498ad3c\_90_pmux for cells of type $pmux.
Using template $paramod$56f7ce6d87f8add68ca646dc02d7695a3189f8e5\_90_pmux for cells of type $pmux.
Using template $paramod$b046409894957e8879c2b561829e7e77a83cf11e\_90_pmux for cells of type $pmux.
Using template $paramod$8d502f02b5b0b72663c46788e07dcce65ffb9a1e\_90_pmux for cells of type $pmux.
Using extmapper simplemap for cells of type $sdff.
Using extmapper simplemap for cells of type $dffe.
Using extmapper simplemap for cells of type $sdffe.
Using extmapper simplemap for cells of type $dff.
Using extmapper simplemap for cells of type $reduce_and.
Using extmapper simplemap for cells of type $ne.
Using extmapper simplemap for cells of type $reduce_bool.
Using template $paramod$78e969f2586efcf3a5b0b0440bcca0db83d5cca2\_90_alu for cells of type $alu.
Using extmapper simplemap for cells of type $xor.
Using template $paramod\_90_lcu\WIDTH=32'00000000000000000000000000000011 for cells of type $lcu.
Using extmapper simplemap for cells of type $pos.
Running "alumacc" on wrapper $extern:wrap:$add:A_SIGNED=0:A_WIDTH=6:B_SIGNED=0:B_WIDTH=6:Y_WIDTH=6:394426c56d1a028ba8fdd5469b163e04011def47.
Using template $extern:wrap:$add:A_SIGNED=0:A_WIDTH=6:B_SIGNED=0:B_WIDTH=6:Y_WIDTH=6:394426c56d1a028ba8fdd5469b163e04011def47 for cells of type $extern:wrap:$add:A_SIGNED=0:A_WIDTH=6:B_SIGNED=0:B_WIDTH=6:Y_WIDTH=6:394426c56d1a028ba8fdd5469b163e04011def47.
Running "alumacc" on wrapper $extern:wrap:$ge:A_SIGNED=0:A_WIDTH=6:B_SIGNED=0:B_WIDTH=6:Y_WIDTH=1:394426c56d1a028ba8fdd5469b163e04011def47.
Using template $extern:wrap:$ge:A_SIGNED=0:A_WIDTH=6:B_SIGNED=0:B_WIDTH=6:Y_WIDTH=1:394426c56d1a028ba8fdd5469b163e04011def47 for cells of type $extern:wrap:$ge:A_SIGNED=0:A_WIDTH=6:B_SIGNED=0:B_WIDTH=6:Y_WIDTH=1:394426c56d1a028ba8fdd5469b163e04011def47.
Running "alumacc" on wrapper $extern:wrap:$sub:A_SIGNED=0:A_WIDTH=6:B_SIGNED=0:B_WIDTH=6:Y_WIDTH=6:394426c56d1a028ba8fdd5469b163e04011def47.
Using template $extern:wrap:$sub:A_SIGNED=0:A_WIDTH=6:B_SIGNED=0:B_WIDTH=6:Y_WIDTH=6:394426c56d1a028ba8fdd5469b163e04011def47 for cells of type $extern:wrap:$sub:A_SIGNED=0:A_WIDTH=6:B_SIGNED=0:B_WIDTH=6:Y_WIDTH=6:394426c56d1a028ba8fdd5469b163e04011def47.
Running "alumacc" on wrapper $extern:wrap:$ge:A_SIGNED=0:A_WIDTH=5:B_SIGNED=0:B_WIDTH=5:Y_WIDTH=1:394426c56d1a028ba8fdd5469b163e04011def47.
Using template $extern:wrap:$ge:A_SIGNED=0:A_WIDTH=5:B_SIGNED=0:B_WIDTH=5:Y_WIDTH=1:394426c56d1a028ba8fdd5469b163e04011def47 for cells of type $extern:wrap:$ge:A_SIGNED=0:A_WIDTH=5:B_SIGNED=0:B_WIDTH=5:Y_WIDTH=1:394426c56d1a028ba8fdd5469b163e04011def47.
Using template $paramod$fedb90247e1daaa8b0af86a595f377181f141d27\_90_pmux for cells of type $pmux.
Using template $paramod$c2e415ef15bc3ccd2723772353a6b450d3d76206\_90_pmux for cells of type $pmux.
Using template $paramod$00298f3f8094950cb9a5ff2fda48d0d8bde8806c\_90_alu for cells of type $alu.
Using template $paramod$b18e16801adf491a64caa0542270798e5d4ac6b6\_90_alu for cells of type $alu.
Using template $paramod\_90_lcu\WIDTH=32'00000000000000000000000000000110 for cells of type $lcu.
Using template $paramod\_90_lcu\WIDTH=32'00000000000000000000000000000101 for cells of type $lcu.
Running "alumacc" on wrapper $extern:wrap:$gt:A_SIGNED=0:A_WIDTH=20:B_SIGNED=0:B_WIDTH=20:Y_WIDTH=1:394426c56d1a028ba8fdd5469b163e04011def47.
Using template $extern:wrap:$gt:A_SIGNED=0:A_WIDTH=20:B_SIGNED=0:B_WIDTH=20:Y_WIDTH=1:394426c56d1a028ba8fdd5469b163e04011def47 for cells of type $extern:wrap:$gt:A_SIGNED=0:A_WIDTH=20:B_SIGNED=0:B_WIDTH=20:Y_WIDTH=1:394426c56d1a028ba8fdd5469b163e04011def47.
Running "alumacc" on wrapper $extern:wrap:$sub:A_SIGNED=1:A_WIDTH=21:B_SIGNED=1:B_WIDTH=21:Y_WIDTH=21:394426c56d1a028ba8fdd5469b163e04011def47.
Using template $extern:wrap:$sub:A_SIGNED=1:A_WIDTH=21:B_SIGNED=1:B_WIDTH=21:Y_WIDTH=21:394426c56d1a028ba8fdd5469b163e04011def47 for cells of type $extern:wrap:$sub:A_SIGNED=1:A_WIDTH=21:B_SIGNED=1:B_WIDTH=21:Y_WIDTH=21:394426c56d1a028ba8fdd5469b163e04011def47.
Using template $paramod$6fc37af1c109ae54e8aed83fcd995c12d378ce93\_90_alu for cells of type $alu.
Using template $paramod$3b06eefc8dea78b8ecb973607d157a935327a20e\_90_alu for cells of type $alu.
Using template $paramod\_90_lcu\WIDTH=32'00000000000000000000000000010100 for cells of type $lcu.
Using template $paramod\_90_lcu\WIDTH=32'00000000000000000000000000010101 for cells of type $lcu.
Running "alumacc" on wrapper $extern:wrap:$add:A_SIGNED=0:A_WIDTH=25:B_SIGNED=0:B_WIDTH=25:Y_WIDTH=25:394426c56d1a028ba8fdd5469b163e04011def47.
Using template $extern:wrap:$add:A_SIGNED=0:A_WIDTH=25:B_SIGNED=0:B_WIDTH=25:Y_WIDTH=25:394426c56d1a028ba8fdd5469b163e04011def47 for cells of type $extern:wrap:$add:A_SIGNED=0:A_WIDTH=25:B_SIGNED=0:B_WIDTH=25:Y_WIDTH=25:394426c56d1a028ba8fdd5469b163e04011def47.
Running "alumacc" on wrapper $extern:wrap:$sub:A_SIGNED=0:A_WIDTH=25:B_SIGNED=0:B_WIDTH=25:Y_WIDTH=25:394426c56d1a028ba8fdd5469b163e04011def47.
Using template $extern:wrap:$sub:A_SIGNED=0:A_WIDTH=25:B_SIGNED=0:B_WIDTH=25:Y_WIDTH=25:394426c56d1a028ba8fdd5469b163e04011def47 for cells of type $extern:wrap:$sub:A_SIGNED=0:A_WIDTH=25:B_SIGNED=0:B_WIDTH=25:Y_WIDTH=25:394426c56d1a028ba8fdd5469b163e04011def47.
Running "alumacc" on wrapper $extern:wrap:$neg:A_SIGNED=1:A_WIDTH=25:Y_WIDTH=25:394426c56d1a028ba8fdd5469b163e04011def47.
Using template $extern:wrap:$neg:A_SIGNED=1:A_WIDTH=25:Y_WIDTH=25:394426c56d1a028ba8fdd5469b163e04011def47 for cells of type $extern:wrap:$neg:A_SIGNED=1:A_WIDTH=25:Y_WIDTH=25:394426c56d1a028ba8fdd5469b163e04011def47.
Running "alumacc" on wrapper $extern:wrap:$gt:A_SIGNED=1:A_WIDTH=25:B_SIGNED=1:B_WIDTH=25:Y_WIDTH=1:394426c56d1a028ba8fdd5469b163e04011def47.
Using template $extern:wrap:$gt:A_SIGNED=1:A_WIDTH=25:B_SIGNED=1:B_WIDTH=25:Y_WIDTH=1:394426c56d1a028ba8fdd5469b163e04011def47 for cells of type $extern:wrap:$gt:A_SIGNED=1:A_WIDTH=25:B_SIGNED=1:B_WIDTH=25:Y_WIDTH=1:394426c56d1a028ba8fdd5469b163e04011def47.
Running "alumacc" on wrapper $extern:wrap:$lt:A_SIGNED=1:A_WIDTH=25:B_SIGNED=1:B_WIDTH=25:Y_WIDTH=1:394426c56d1a028ba8fdd5469b163e04011def47.
Using template $extern:wrap:$lt:A_SIGNED=1:A_WIDTH=25:B_SIGNED=1:B_WIDTH=25:Y_WIDTH=1:394426c56d1a028ba8fdd5469b163e04011def47 for cells of type $extern:wrap:$lt:A_SIGNED=1:A_WIDTH=25:B_SIGNED=1:B_WIDTH=25:Y_WIDTH=1:394426c56d1a028ba8fdd5469b163e04011def47.
Using extmapper simplemap for cells of type $logic_or.
Running "alumacc" on wrapper $extern:wrap:$add:A_SIGNED=0:A_WIDTH=24:B_SIGNED=0:B_WIDTH=24:Y_WIDTH=24:394426c56d1a028ba8fdd5469b163e04011def47.
Using template $extern:wrap:$add:A_SIGNED=0:A_WIDTH=24:B_SIGNED=0:B_WIDTH=24:Y_WIDTH=24:394426c56d1a028ba8fdd5469b163e04011def47 for cells of type $extern:wrap:$add:A_SIGNED=0:A_WIDTH=24:B_SIGNED=0:B_WIDTH=24:Y_WIDTH=24:394426c56d1a028ba8fdd5469b163e04011def47.
Running "alumacc" on wrapper $extern:wrap:$gt:A_SIGNED=0:A_WIDTH=25:B_SIGNED=0:B_WIDTH=25:Y_WIDTH=1:394426c56d1a028ba8fdd5469b163e04011def47.
Using template $extern:wrap:$gt:A_SIGNED=0:A_WIDTH=25:B_SIGNED=0:B_WIDTH=25:Y_WIDTH=1:394426c56d1a028ba8fdd5469b163e04011def47 for cells of type $extern:wrap:$gt:A_SIGNED=0:A_WIDTH=25:B_SIGNED=0:B_WIDTH=25:Y_WIDTH=1:394426c56d1a028ba8fdd5469b163e04011def47.
Running "alumacc" on wrapper $extern:wrap:$add:A_SIGNED=0:A_WIDTH=22:B_SIGNED=0:B_WIDTH=22:Y_WIDTH=22:394426c56d1a028ba8fdd5469b163e04011def47.
Using template $extern:wrap:$add:A_SIGNED=0:A_WIDTH=22:B_SIGNED=0:B_WIDTH=22:Y_WIDTH=22:394426c56d1a028ba8fdd5469b163e04011def47 for cells of type $extern:wrap:$add:A_SIGNED=0:A_WIDTH=22:B_SIGNED=0:B_WIDTH=22:Y_WIDTH=22:394426c56d1a028ba8fdd5469b163e04011def47.
Running "alumacc" on wrapper $extern:wrap:$gt:A_SIGNED=0:A_WIDTH=21:B_SIGNED=0:B_WIDTH=21:Y_WIDTH=1:394426c56d1a028ba8fdd5469b163e04011def47.
Using template $extern:wrap:$gt:A_SIGNED=0:A_WIDTH=21:B_SIGNED=0:B_WIDTH=21:Y_WIDTH=1:394426c56d1a028ba8fdd5469b163e04011def47 for cells of type $extern:wrap:$gt:A_SIGNED=0:A_WIDTH=21:B_SIGNED=0:B_WIDTH=21:Y_WIDTH=1:394426c56d1a028ba8fdd5469b163e04011def47.
Running "alumacc" on wrapper $extern:wrap:$gt:A_SIGNED=0:A_WIDTH=22:B_SIGNED=0:B_WIDTH=22:Y_WIDTH=1:394426c56d1a028ba8fdd5469b163e04011def47.
Using template $extern:wrap:$gt:A_SIGNED=0:A_WIDTH=22:B_SIGNED=0:B_WIDTH=22:Y_WIDTH=1:394426c56d1a028ba8fdd5469b163e04011def47 for cells of type $extern:wrap:$gt:A_SIGNED=0:A_WIDTH=22:B_SIGNED=0:B_WIDTH=22:Y_WIDTH=1:394426c56d1a028ba8fdd5469b163e04011def47.
Using template $paramod$dda01d70decadee64e25d88608b0954a25e9ecec\_90_pmux for cells of type $pmux.
Using template $paramod$f3115659d5e2977ebd2cb01ff3557fc5f6187689\_90_pmux for cells of type $pmux.
Using template $paramod$4868d58a04723871777326409a611fa912defcd8\_90_alu for cells of type $alu.
Using template $paramod$b7e1f79258b87e4a83a116a743fd12e845b7ee99\_90_alu for cells of type $alu.
Using template $paramod$ae068143118b2c7ad06ddb43e871987ed45d3ca7\_90_alu for cells of type $alu.
Using template $paramod$e82d3fc1811c5751348a3964470632b35a435fc7\_90_alu for cells of type $alu.
Using template $paramod$e161c1674351796cd6dd381e70ff05458bfe7755\_90_alu for cells of type $alu.
Using template $paramod$950cc9f9d9b07c09d0ee4a231126f2c8a3c4f78a\_90_alu for cells of type $alu.
Using template $paramod\_90_lcu\WIDTH=32'00000000000000000000000000011001 for cells of type $lcu.
Using template $paramod\_90_lcu\WIDTH=32'00000000000000000000000000011000 for cells of type $lcu.
Using template $paramod\_90_lcu\WIDTH=32'00000000000000000000000000010110 for cells of type $lcu.
Running "alumacc" on wrapper $extern:wrap:$mul:A_SIGNED=0:A_WIDTH=5:B_SIGNED=0:B_WIDTH=5:Y_WIDTH=10:394426c56d1a028ba8fdd5469b163e04011def47.
Using template $extern:wrap:$mul:A_SIGNED=0:A_WIDTH=5:B_SIGNED=0:B_WIDTH=5:Y_WIDTH=10:394426c56d1a028ba8fdd5469b163e04011def47 for cells of type $extern:wrap:$mul:A_SIGNED=0:A_WIDTH=5:B_SIGNED=0:B_WIDTH=5:Y_WIDTH=10:394426c56d1a028ba8fdd5469b163e04011def47.
Running "alumacc" on wrapper $extern:wrap:$mul:A_SIGNED=0:A_WIDTH=10:B_SIGNED=0:B_WIDTH=10:Y_WIDTH=20:394426c56d1a028ba8fdd5469b163e04011def47.
Using template $extern:wrap:$mul:A_SIGNED=0:A_WIDTH=10:B_SIGNED=0:B_WIDTH=10:Y_WIDTH=20:394426c56d1a028ba8fdd5469b163e04011def47 for cells of type $extern:wrap:$mul:A_SIGNED=0:A_WIDTH=10:B_SIGNED=0:B_WIDTH=10:Y_WIDTH=20:394426c56d1a028ba8fdd5469b163e04011def47.
Running "alumacc" on wrapper $extern:wrap:$le:A_SIGNED=0:A_WIDTH=5:B_SIGNED=0:B_WIDTH=5:Y_WIDTH=1:394426c56d1a028ba8fdd5469b163e04011def47.
Using template $extern:wrap:$le:A_SIGNED=0:A_WIDTH=5:B_SIGNED=0:B_WIDTH=5:Y_WIDTH=1:394426c56d1a028ba8fdd5469b163e04011def47 for cells of type $extern:wrap:$le:A_SIGNED=0:A_WIDTH=5:B_SIGNED=0:B_WIDTH=5:Y_WIDTH=1:394426c56d1a028ba8fdd5469b163e04011def47.
Using template $paramod$b18e16801adf491a64caa0542270798e5d4ac6b6\_90_mod for cells of type $mod.
Using template $paramod$8e2cd9e836d46c40867c8d0d57053a4e1c3bcdbc\_90_pmux for cells of type $pmux.
Using template $paramod$85df5dc01c7df96a7d8e5f1fdf76ce9ac452af63\_90_pmux for cells of type $pmux.
Using template $paramod$58130708b3202f947c6fe366a4b18c6b8281626a\_90_pmux for cells of type $pmux.
Using template $paramod$95ab7b964273918a033d1324366ecc612d202989\_90_pmux for cells of type $pmux.
Using extmapper maccmap for cells of type $macc.
  add \m0 * \m1 (5x5 bits, unsigned)
  add \m2 * \m3 (5x5 bits, unsigned)
  add \base_m01_wire * \base_m23_wire (10x10 bits, unsigned)
Using template $paramod$b18e16801adf491a64caa0542270798e5d4ac6b6\$__div_mod_trunc for cells of type $__div_mod_trunc.
Using template $paramod\_90_fa\WIDTH=32'00000000000000000000000000001010 for cells of type $fa.
Using template $paramod$484d51534650924b7ed4c69e46eed3a56904771f\_90_alu for cells of type $alu.
Using template $paramod\_90_fa\WIDTH=32'00000000000000000000000000010100 for cells of type $fa.
Running "alumacc" on wrapper $extern:wrap:$neg:Y_WIDTH=5:A_WIDTH=5:A_SIGNED=0:394426c56d1a028ba8fdd5469b163e04011def47.
Using template $extern:wrap:$neg:Y_WIDTH=5:A_WIDTH=5:A_SIGNED=0:394426c56d1a028ba8fdd5469b163e04011def47 for cells of type $extern:wrap:$neg:Y_WIDTH=5:A_WIDTH=5:A_SIGNED=0:394426c56d1a028ba8fdd5469b163e04011def47.
Using template $paramod\$__div_mod_u\WIDTH=32'00000000000000000000000000000101 for cells of type $__div_mod_u.
Using template $paramod\_90_lcu\WIDTH=32'00000000000000000000000000001010 for cells of type $lcu.
Using template $paramod$3e96e356bb68fcbd4f9c12f6d97ec8513d1af8c6\_90_alu for cells of type $alu.
Running "alumacc" on wrapper $extern:wrap:$sub:Y_WIDTH=5:B_WIDTH=5:A_WIDTH=5:B_SIGNED=0:A_SIGNED=0:394426c56d1a028ba8fdd5469b163e04011def47.
Using template $extern:wrap:$sub:Y_WIDTH=5:B_WIDTH=5:A_WIDTH=5:B_SIGNED=0:A_SIGNED=0:394426c56d1a028ba8fdd5469b163e04011def47 for cells of type $extern:wrap:$sub:Y_WIDTH=5:B_WIDTH=5:A_WIDTH=5:B_SIGNED=0:A_SIGNED=0:394426c56d1a028ba8fdd5469b163e04011def47.
Running "alumacc" on wrapper $extern:wrap:$ge:Y_WIDTH=1:B_WIDTH=5:A_WIDTH=5:B_SIGNED=0:A_SIGNED=0:394426c56d1a028ba8fdd5469b163e04011def47.
Using template $extern:wrap:$ge:Y_WIDTH=1:B_WIDTH=5:A_WIDTH=5:B_SIGNED=0:A_SIGNED=0:394426c56d1a028ba8fdd5469b163e04011def47 for cells of type $extern:wrap:$ge:Y_WIDTH=1:B_WIDTH=5:A_WIDTH=5:B_SIGNED=0:A_SIGNED=0:394426c56d1a028ba8fdd5469b163e04011def47.
Running "alumacc" on wrapper $extern:wrap:$sub:Y_WIDTH=6:B_WIDTH=6:A_WIDTH=5:B_SIGNED=0:A_SIGNED=0:394426c56d1a028ba8fdd5469b163e04011def47.
Using template $extern:wrap:$sub:Y_WIDTH=6:B_WIDTH=6:A_WIDTH=5:B_SIGNED=0:A_SIGNED=0:394426c56d1a028ba8fdd5469b163e04011def47 for cells of type $extern:wrap:$sub:Y_WIDTH=6:B_WIDTH=6:A_WIDTH=5:B_SIGNED=0:A_SIGNED=0:394426c56d1a028ba8fdd5469b163e04011def47.
Running "alumacc" on wrapper $extern:wrap:$ge:Y_WIDTH=1:B_WIDTH=6:A_WIDTH=5:B_SIGNED=0:A_SIGNED=0:394426c56d1a028ba8fdd5469b163e04011def47.
Using template $extern:wrap:$ge:Y_WIDTH=1:B_WIDTH=6:A_WIDTH=5:B_SIGNED=0:A_SIGNED=0:394426c56d1a028ba8fdd5469b163e04011def47 for cells of type $extern:wrap:$ge:Y_WIDTH=1:B_WIDTH=6:A_WIDTH=5:B_SIGNED=0:A_SIGNED=0:394426c56d1a028ba8fdd5469b163e04011def47.
Running "alumacc" on wrapper $extern:wrap:$sub:Y_WIDTH=7:B_WIDTH=7:A_WIDTH=5:B_SIGNED=0:A_SIGNED=0:394426c56d1a028ba8fdd5469b163e04011def47.
Using template $extern:wrap:$sub:Y_WIDTH=7:B_WIDTH=7:A_WIDTH=5:B_SIGNED=0:A_SIGNED=0:394426c56d1a028ba8fdd5469b163e04011def47 for cells of type $extern:wrap:$sub:Y_WIDTH=7:B_WIDTH=7:A_WIDTH=5:B_SIGNED=0:A_SIGNED=0:394426c56d1a028ba8fdd5469b163e04011def47.
Running "alumacc" on wrapper $extern:wrap:$ge:Y_WIDTH=1:B_WIDTH=7:A_WIDTH=5:B_SIGNED=0:A_SIGNED=0:394426c56d1a028ba8fdd5469b163e04011def47.
Using template $extern:wrap:$ge:Y_WIDTH=1:B_WIDTH=7:A_WIDTH=5:B_SIGNED=0:A_SIGNED=0:394426c56d1a028ba8fdd5469b163e04011def47 for cells of type $extern:wrap:$ge:Y_WIDTH=1:B_WIDTH=7:A_WIDTH=5:B_SIGNED=0:A_SIGNED=0:394426c56d1a028ba8fdd5469b163e04011def47.
Running "alumacc" on wrapper $extern:wrap:$sub:Y_WIDTH=8:B_WIDTH=8:A_WIDTH=5:B_SIGNED=0:A_SIGNED=0:394426c56d1a028ba8fdd5469b163e04011def47.
Using template $extern:wrap:$sub:Y_WIDTH=8:B_WIDTH=8:A_WIDTH=5:B_SIGNED=0:A_SIGNED=0:394426c56d1a028ba8fdd5469b163e04011def47 for cells of type $extern:wrap:$sub:Y_WIDTH=8:B_WIDTH=8:A_WIDTH=5:B_SIGNED=0:A_SIGNED=0:394426c56d1a028ba8fdd5469b163e04011def47.
Running "alumacc" on wrapper $extern:wrap:$ge:Y_WIDTH=1:B_WIDTH=8:A_WIDTH=5:B_SIGNED=0:A_SIGNED=0:394426c56d1a028ba8fdd5469b163e04011def47.
Using template $extern:wrap:$ge:Y_WIDTH=1:B_WIDTH=8:A_WIDTH=5:B_SIGNED=0:A_SIGNED=0:394426c56d1a028ba8fdd5469b163e04011def47 for cells of type $extern:wrap:$ge:Y_WIDTH=1:B_WIDTH=8:A_WIDTH=5:B_SIGNED=0:A_SIGNED=0:394426c56d1a028ba8fdd5469b163e04011def47.
Running "alumacc" on wrapper $extern:wrap:$sub:Y_WIDTH=9:B_WIDTH=9:A_WIDTH=5:B_SIGNED=0:A_SIGNED=0:394426c56d1a028ba8fdd5469b163e04011def47.
Using template $extern:wrap:$sub:Y_WIDTH=9:B_WIDTH=9:A_WIDTH=5:B_SIGNED=0:A_SIGNED=0:394426c56d1a028ba8fdd5469b163e04011def47 for cells of type $extern:wrap:$sub:Y_WIDTH=9:B_WIDTH=9:A_WIDTH=5:B_SIGNED=0:A_SIGNED=0:394426c56d1a028ba8fdd5469b163e04011def47.
Running "alumacc" on wrapper $extern:wrap:$ge:Y_WIDTH=1:B_WIDTH=9:A_WIDTH=5:B_SIGNED=0:A_SIGNED=0:394426c56d1a028ba8fdd5469b163e04011def47.
Using template $extern:wrap:$ge:Y_WIDTH=1:B_WIDTH=9:A_WIDTH=5:B_SIGNED=0:A_SIGNED=0:394426c56d1a028ba8fdd5469b163e04011def47 for cells of type $extern:wrap:$ge:Y_WIDTH=1:B_WIDTH=9:A_WIDTH=5:B_SIGNED=0:A_SIGNED=0:394426c56d1a028ba8fdd5469b163e04011def47.
Using template $paramod$e04283ca12514baf3d204c6994bec8f178dd89f8\_90_alu for cells of type $alu.
Using template $paramod$d0e4c797aa680bb54c964a262954ce9f5bfee2c5\_90_alu for cells of type $alu.
Using template $paramod$cc48387a3f2cae79a81035f3d5a9b4758cb77854\_90_alu for cells of type $alu.
Using template $paramod$04f121e3c8858ac36578330193fd248b9a31e99c\_90_alu for cells of type $alu.
Using template $paramod\_90_lcu\WIDTH=32'00000000000000000000000000000111 for cells of type $lcu.
Using template $paramod\_90_lcu\WIDTH=32'00000000000000000000000000001000 for cells of type $lcu.
Using template $paramod\_90_lcu\WIDTH=32'00000000000000000000000000001001 for cells of type $lcu.
Running "alumacc" on wrapper $extern:wrap:$add:A_SIGNED=0:A_WIDTH=20:B_SIGNED=0:B_WIDTH=20:Y_WIDTH=20:394426c56d1a028ba8fdd5469b163e04011def47.
Using template $extern:wrap:$add:A_SIGNED=0:A_WIDTH=20:B_SIGNED=0:B_WIDTH=20:Y_WIDTH=20:394426c56d1a028ba8fdd5469b163e04011def47 for cells of type $extern:wrap:$add:A_SIGNED=0:A_WIDTH=20:B_SIGNED=0:B_WIDTH=20:Y_WIDTH=20:394426c56d1a028ba8fdd5469b163e04011def47.
Running "alumacc" on wrapper $extern:wrap:$ge:A_SIGNED=0:A_WIDTH=20:B_SIGNED=0:B_WIDTH=20:Y_WIDTH=1:394426c56d1a028ba8fdd5469b163e04011def47.
Using template $extern:wrap:$ge:A_SIGNED=0:A_WIDTH=20:B_SIGNED=0:B_WIDTH=20:Y_WIDTH=1:394426c56d1a028ba8fdd5469b163e04011def47 for cells of type $extern:wrap:$ge:A_SIGNED=0:A_WIDTH=20:B_SIGNED=0:B_WIDTH=20:Y_WIDTH=1:394426c56d1a028ba8fdd5469b163e04011def47.
Running "alumacc" on wrapper $extern:wrap:$gt:A_SIGNED=0:A_WIDTH=3:B_SIGNED=0:B_WIDTH=3:Y_WIDTH=1:394426c56d1a028ba8fdd5469b163e04011def47.
Using template $extern:wrap:$gt:A_SIGNED=0:A_WIDTH=3:B_SIGNED=0:B_WIDTH=3:Y_WIDTH=1:394426c56d1a028ba8fdd5469b163e04011def47 for cells of type $extern:wrap:$gt:A_SIGNED=0:A_WIDTH=3:B_SIGNED=0:B_WIDTH=3:Y_WIDTH=1:394426c56d1a028ba8fdd5469b163e04011def47.
Running "alumacc" on wrapper $extern:wrap:$sub:A_SIGNED=0:A_WIDTH=5:B_SIGNED=0:B_WIDTH=5:Y_WIDTH=5:394426c56d1a028ba8fdd5469b163e04011def47.
Using template $extern:wrap:$sub:A_SIGNED=0:A_WIDTH=5:B_SIGNED=0:B_WIDTH=5:Y_WIDTH=5:394426c56d1a028ba8fdd5469b163e04011def47 for cells of type $extern:wrap:$sub:A_SIGNED=0:A_WIDTH=5:B_SIGNED=0:B_WIDTH=5:Y_WIDTH=5:394426c56d1a028ba8fdd5469b163e04011def47.
Running "alumacc" on wrapper $extern:wrap:$le:A_SIGNED=0:A_WIDTH=5:B_SIGNED=0:B_WIDTH=32:Y_WIDTH=1:394426c56d1a028ba8fdd5469b163e04011def47.
Using template $extern:wrap:$le:A_SIGNED=0:A_WIDTH=5:B_SIGNED=0:B_WIDTH=32:Y_WIDTH=1:394426c56d1a028ba8fdd5469b163e04011def47 for cells of type $extern:wrap:$le:A_SIGNED=0:A_WIDTH=5:B_SIGNED=0:B_WIDTH=32:Y_WIDTH=1:394426c56d1a028ba8fdd5469b163e04011def47.
Running "alumacc" on wrapper $extern:wrap:$add:A_SIGNED=0:A_WIDTH=5:B_SIGNED=0:B_WIDTH=5:Y_WIDTH=5:394426c56d1a028ba8fdd5469b163e04011def47.
Using template $extern:wrap:$add:A_SIGNED=0:A_WIDTH=5:B_SIGNED=0:B_WIDTH=5:Y_WIDTH=5:394426c56d1a028ba8fdd5469b163e04011def47 for cells of type $extern:wrap:$add:A_SIGNED=0:A_WIDTH=5:B_SIGNED=0:B_WIDTH=5:Y_WIDTH=5:394426c56d1a028ba8fdd5469b163e04011def47.
Using template $paramod$e1288d0841f06aa42a27023fd45c512a560ab9b3\_90_pmux for cells of type $pmux.
Using template $paramod$d7387fdb214042e5ef2d69a3f74948694b4bb65e\_90_pmux for cells of type $pmux.
Using template $paramod$b0777dc865134c8525a4aa84de8cfa938974cad1\_90_alu for cells of type $alu.
Using template $paramod\_90_lcu\WIDTH=32'00000000000000000000000000100000 for cells of type $lcu.
Using template $paramod$c654a831025ee805eb993d5880de10a3d616cd3b\_90_pmux for cells of type $pmux.
Using template $paramod$c15e84c77f007506123baf6c4be45847f0e33a3b\_90_pmux for cells of type $pmux.
Using template $paramod$77db613179eb70c5e4e5c5aca72d602a7c6017b6\_90_pmux for cells of type $pmux.
Using template $paramod$d843018565ef722782d28339c99ecf00b278e074\_90_pmux for cells of type $pmux.
No more expansions possible.
<suppressed ~9989 debug messages>

20. Executing OPT pass (performing simple optimizations).

20.1. Executing OPT_EXPR pass (perform const folding).
Optimizing module $paramod$3d5933457824fda5c29cfed42e669bf3c7234f6e\final_alu_encoder_runtime.
<suppressed ~472 debug messages>
Optimizing module $paramod$4189ba8f5f2c2b48a04fc022fed7b1fdd11c3d0e\final_alu_cfg_precompute.
<suppressed ~1 debug messages>
Optimizing module $paramod$4189ba8f5f2c2b48a04fc022fed7b1fdd11c3d0e\final_alu_corrector_search_v18.
<suppressed ~2949 debug messages>
Optimizing module $paramod$7fc61225471e37c5061c2290377709fe8f34c170\final_alu_runtime_cu.
Optimizing module $paramod$9b3939a60ab655ff6b5bd5df57c0bdbbd255081a\final_alu_cfg_checker.
<suppressed ~1888 debug messages>
Optimizing module $paramod$a1eea2f2e8d1a342568fc48780b8e97a0b12c301\final_alu_op_range_guard.
<suppressed ~1341 debug messages>
Optimizing module $paramod$a1eea2f2e8d1a342568fc48780b8e97a0b12c301\final_alu_range_check.
<suppressed ~74 debug messages>
Optimizing module $paramod\final_alu_cfg_regs\WM=s32'00000000000000000000000000000101.
<suppressed ~24 debug messages>
Optimizing module $paramod\final_alu_slice_runtime\WM=s32'00000000000000000000000000000101.
<suppressed ~338 debug messages>
Optimizing module final_alu_runtime_top.
<suppressed ~7496 debug messages>

20.2. Executing OPT_MERGE pass (detect identical cells).
Finding identical cells in module `$paramod$3d5933457824fda5c29cfed42e669bf3c7234f6e\final_alu_encoder_runtime'.
<suppressed ~276 debug messages>
Finding identical cells in module `$paramod$4189ba8f5f2c2b48a04fc022fed7b1fdd11c3d0e\final_alu_cfg_precompute'.
Finding identical cells in module `$paramod$4189ba8f5f2c2b48a04fc022fed7b1fdd11c3d0e\final_alu_corrector_search_v18'.
<suppressed ~1224 debug messages>
Finding identical cells in module `$paramod$7fc61225471e37c5061c2290377709fe8f34c170\final_alu_runtime_cu'.
Finding identical cells in module `$paramod$9b3939a60ab655ff6b5bd5df57c0bdbbd255081a\final_alu_cfg_checker'.
<suppressed ~1494 debug messages>
Finding identical cells in module `$paramod$a1eea2f2e8d1a342568fc48780b8e97a0b12c301\final_alu_op_range_guard'.
<suppressed ~1128 debug messages>
Finding identical cells in module `$paramod$a1eea2f2e8d1a342568fc48780b8e97a0b12c301\final_alu_range_check'.
Finding identical cells in module `$paramod\final_alu_cfg_regs\WM=s32'00000000000000000000000000000101'.
<suppressed ~42 debug messages>
Finding identical cells in module `$paramod\final_alu_slice_runtime\WM=s32'00000000000000000000000000000101'.
<suppressed ~261 debug messages>
Finding identical cells in module `\final_alu_runtime_top'.
<suppressed ~11193 debug messages>
Removed a total of 5206 cells.

20.3. Executing OPT_MUXTREE pass (detect dead branches in mux trees).
Running muxtree optimizer on module $paramod$3d5933457824fda5c29cfed42e669bf3c7234f6e\final_alu_encoder_runtime..
  Creating internal representation of mux trees.
  No muxes found in this module.
Running muxtree optimizer on module $paramod$4189ba8f5f2c2b48a04fc022fed7b1fdd11c3d0e\final_alu_cfg_precompute..
  Creating internal representation of mux trees.
  No muxes found in this module.
Running muxtree optimizer on module $paramod$4189ba8f5f2c2b48a04fc022fed7b1fdd11c3d0e\final_alu_corrector_search_v18..
  Creating internal representation of mux trees.
  No muxes found in this module.
Running muxtree optimizer on module $paramod$7fc61225471e37c5061c2290377709fe8f34c170\final_alu_runtime_cu..
  Creating internal representation of mux trees.
  No muxes found in this module.
Running muxtree optimizer on module $paramod$9b3939a60ab655ff6b5bd5df57c0bdbbd255081a\final_alu_cfg_checker..
  Creating internal representation of mux trees.
  No muxes found in this module.
Running muxtree optimizer on module $paramod$a1eea2f2e8d1a342568fc48780b8e97a0b12c301\final_alu_op_range_guard..
  Creating internal representation of mux trees.
  No muxes found in this module.
Running muxtree optimizer on module $paramod$a1eea2f2e8d1a342568fc48780b8e97a0b12c301\final_alu_range_check..
  Creating internal representation of mux trees.
  No muxes found in this module.
Running muxtree optimizer on module $paramod\final_alu_cfg_regs\WM=s32'00000000000000000000000000000101..
  Creating internal representation of mux trees.
  No muxes found in this module.
Running muxtree optimizer on module $paramod\final_alu_slice_runtime\WM=s32'00000000000000000000000000000101..
  Creating internal representation of mux trees.
  No muxes found in this module.
Running muxtree optimizer on module \final_alu_runtime_top..
  Creating internal representation of mux trees.
  No muxes found in this module.
Removed 0 multiplexer ports.

20.4. Executing OPT_REDUCE pass (consolidate $*mux and $reduce_* inputs).
  Optimizing cells in module $paramod$3d5933457824fda5c29cfed42e669bf3c7234f6e\final_alu_encoder_runtime.
  Optimizing cells in module $paramod$4189ba8f5f2c2b48a04fc022fed7b1fdd11c3d0e\final_alu_cfg_precompute.
  Optimizing cells in module $paramod$4189ba8f5f2c2b48a04fc022fed7b1fdd11c3d0e\final_alu_corrector_search_v18.
  Optimizing cells in module $paramod$7fc61225471e37c5061c2290377709fe8f34c170\final_alu_runtime_cu.
  Optimizing cells in module $paramod$9b3939a60ab655ff6b5bd5df57c0bdbbd255081a\final_alu_cfg_checker.
  Optimizing cells in module $paramod$a1eea2f2e8d1a342568fc48780b8e97a0b12c301\final_alu_op_range_guard.
  Optimizing cells in module $paramod$a1eea2f2e8d1a342568fc48780b8e97a0b12c301\final_alu_range_check.
  Optimizing cells in module $paramod\final_alu_cfg_regs\WM=s32'00000000000000000000000000000101.
  Optimizing cells in module $paramod\final_alu_slice_runtime\WM=s32'00000000000000000000000000000101.
  Optimizing cells in module \final_alu_runtime_top.
Performed a total of 0 changes.

20.5. Executing OPT_MERGE pass (detect identical cells).
Finding identical cells in module `$paramod$3d5933457824fda5c29cfed42e669bf3c7234f6e\final_alu_encoder_runtime'.
Finding identical cells in module `$paramod$4189ba8f5f2c2b48a04fc022fed7b1fdd11c3d0e\final_alu_cfg_precompute'.
Finding identical cells in module `$paramod$4189ba8f5f2c2b48a04fc022fed7b1fdd11c3d0e\final_alu_corrector_search_v18'.
Finding identical cells in module `$paramod$7fc61225471e37c5061c2290377709fe8f34c170\final_alu_runtime_cu'.
Finding identical cells in module `$paramod$9b3939a60ab655ff6b5bd5df57c0bdbbd255081a\final_alu_cfg_checker'.
Finding identical cells in module `$paramod$a1eea2f2e8d1a342568fc48780b8e97a0b12c301\final_alu_op_range_guard'.
Finding identical cells in module `$paramod$a1eea2f2e8d1a342568fc48780b8e97a0b12c301\final_alu_range_check'.
Finding identical cells in module `$paramod\final_alu_cfg_regs\WM=s32'00000000000000000000000000000101'.
Finding identical cells in module `$paramod\final_alu_slice_runtime\WM=s32'00000000000000000000000000000101'.
Finding identical cells in module `\final_alu_runtime_top'.
Removed a total of 0 cells.

20.6. Executing OPT_DFF pass (perform DFF optimizations).

20.7. Executing OPT_CLEAN pass (remove unused cells and wires).
Finding unused cells or wires in module $paramod$3d5933457824fda5c29cfed42e669bf3c7234f6e\final_alu_encoder_runtime..
Finding unused cells or wires in module $paramod$4189ba8f5f2c2b48a04fc022fed7b1fdd11c3d0e\final_alu_cfg_precompute..
Finding unused cells or wires in module $paramod$4189ba8f5f2c2b48a04fc022fed7b1fdd11c3d0e\final_alu_corrector_search_v18..
Finding unused cells or wires in module $paramod$7fc61225471e37c5061c2290377709fe8f34c170\final_alu_runtime_cu..
Finding unused cells or wires in module $paramod$9b3939a60ab655ff6b5bd5df57c0bdbbd255081a\final_alu_cfg_checker..
Finding unused cells or wires in module $paramod$a1eea2f2e8d1a342568fc48780b8e97a0b12c301\final_alu_op_range_guard..
Finding unused cells or wires in module $paramod$a1eea2f2e8d1a342568fc48780b8e97a0b12c301\final_alu_range_check..
Finding unused cells or wires in module $paramod\final_alu_cfg_regs\WM=s32'00000000000000000000000000000101..
Finding unused cells or wires in module $paramod\final_alu_slice_runtime\WM=s32'00000000000000000000000000000101..
Finding unused cells or wires in module \final_alu_runtime_top..
Removed 1047 unused cells and 8595 unused wires.
<suppressed ~1056 debug messages>

20.8. Executing OPT_EXPR pass (perform const folding).
Optimizing module $paramod$3d5933457824fda5c29cfed42e669bf3c7234f6e\final_alu_encoder_runtime.
Optimizing module $paramod$4189ba8f5f2c2b48a04fc022fed7b1fdd11c3d0e\final_alu_cfg_precompute.
Optimizing module $paramod$4189ba8f5f2c2b48a04fc022fed7b1fdd11c3d0e\final_alu_corrector_search_v18.
Optimizing module $paramod$7fc61225471e37c5061c2290377709fe8f34c170\final_alu_runtime_cu.
Optimizing module $paramod$9b3939a60ab655ff6b5bd5df57c0bdbbd255081a\final_alu_cfg_checker.
<suppressed ~7 debug messages>
Optimizing module $paramod$a1eea2f2e8d1a342568fc48780b8e97a0b12c301\final_alu_op_range_guard.
Optimizing module $paramod$a1eea2f2e8d1a342568fc48780b8e97a0b12c301\final_alu_range_check.
Optimizing module $paramod\final_alu_cfg_regs\WM=s32'00000000000000000000000000000101.
Optimizing module $paramod\final_alu_slice_runtime\WM=s32'00000000000000000000000000000101.
Optimizing module final_alu_runtime_top.
<suppressed ~18 debug messages>

20.9. Rerunning OPT passes. (Maybe there is more to do..)

20.10. Executing OPT_MUXTREE pass (detect dead branches in mux trees).
Running muxtree optimizer on module $paramod$3d5933457824fda5c29cfed42e669bf3c7234f6e\final_alu_encoder_runtime..
  Creating internal representation of mux trees.
  No muxes found in this module.
Running muxtree optimizer on module $paramod$4189ba8f5f2c2b48a04fc022fed7b1fdd11c3d0e\final_alu_cfg_precompute..
  Creating internal representation of mux trees.
  No muxes found in this module.
Running muxtree optimizer on module $paramod$4189ba8f5f2c2b48a04fc022fed7b1fdd11c3d0e\final_alu_corrector_search_v18..
  Creating internal representation of mux trees.
  No muxes found in this module.
Running muxtree optimizer on module $paramod$7fc61225471e37c5061c2290377709fe8f34c170\final_alu_runtime_cu..
  Creating internal representation of mux trees.
  No muxes found in this module.
Running muxtree optimizer on module $paramod$9b3939a60ab655ff6b5bd5df57c0bdbbd255081a\final_alu_cfg_checker..
  Creating internal representation of mux trees.
  No muxes found in this module.
Running muxtree optimizer on module $paramod$a1eea2f2e8d1a342568fc48780b8e97a0b12c301\final_alu_op_range_guard..
  Creating internal representation of mux trees.
  No muxes found in this module.
Running muxtree optimizer on module $paramod$a1eea2f2e8d1a342568fc48780b8e97a0b12c301\final_alu_range_check..
  Creating internal representation of mux trees.
  No muxes found in this module.
Running muxtree optimizer on module $paramod\final_alu_cfg_regs\WM=s32'00000000000000000000000000000101..
  Creating internal representation of mux trees.
  No muxes found in this module.
Running muxtree optimizer on module $paramod\final_alu_slice_runtime\WM=s32'00000000000000000000000000000101..
  Creating internal representation of mux trees.
  No muxes found in this module.
Running muxtree optimizer on module \final_alu_runtime_top..
  Creating internal representation of mux trees.
  No muxes found in this module.
Removed 0 multiplexer ports.

20.11. Executing OPT_REDUCE pass (consolidate $*mux and $reduce_* inputs).
  Optimizing cells in module $paramod$3d5933457824fda5c29cfed42e669bf3c7234f6e\final_alu_encoder_runtime.
  Optimizing cells in module $paramod$4189ba8f5f2c2b48a04fc022fed7b1fdd11c3d0e\final_alu_cfg_precompute.
  Optimizing cells in module $paramod$4189ba8f5f2c2b48a04fc022fed7b1fdd11c3d0e\final_alu_corrector_search_v18.
  Optimizing cells in module $paramod$7fc61225471e37c5061c2290377709fe8f34c170\final_alu_runtime_cu.
  Optimizing cells in module $paramod$9b3939a60ab655ff6b5bd5df57c0bdbbd255081a\final_alu_cfg_checker.
  Optimizing cells in module $paramod$a1eea2f2e8d1a342568fc48780b8e97a0b12c301\final_alu_op_range_guard.
  Optimizing cells in module $paramod$a1eea2f2e8d1a342568fc48780b8e97a0b12c301\final_alu_range_check.
  Optimizing cells in module $paramod\final_alu_cfg_regs\WM=s32'00000000000000000000000000000101.
  Optimizing cells in module $paramod\final_alu_slice_runtime\WM=s32'00000000000000000000000000000101.
  Optimizing cells in module \final_alu_runtime_top.
Performed a total of 0 changes.

20.12. Executing OPT_MERGE pass (detect identical cells).
Finding identical cells in module `$paramod$3d5933457824fda5c29cfed42e669bf3c7234f6e\final_alu_encoder_runtime'.
Finding identical cells in module `$paramod$4189ba8f5f2c2b48a04fc022fed7b1fdd11c3d0e\final_alu_cfg_precompute'.
Finding identical cells in module `$paramod$4189ba8f5f2c2b48a04fc022fed7b1fdd11c3d0e\final_alu_corrector_search_v18'.
Finding identical cells in module `$paramod$7fc61225471e37c5061c2290377709fe8f34c170\final_alu_runtime_cu'.
Finding identical cells in module `$paramod$9b3939a60ab655ff6b5bd5df57c0bdbbd255081a\final_alu_cfg_checker'.
Finding identical cells in module `$paramod$a1eea2f2e8d1a342568fc48780b8e97a0b12c301\final_alu_op_range_guard'.
Finding identical cells in module `$paramod$a1eea2f2e8d1a342568fc48780b8e97a0b12c301\final_alu_range_check'.
Finding identical cells in module `$paramod\final_alu_cfg_regs\WM=s32'00000000000000000000000000000101'.
Finding identical cells in module `$paramod\final_alu_slice_runtime\WM=s32'00000000000000000000000000000101'.
Finding identical cells in module `\final_alu_runtime_top'.
Removed a total of 0 cells.

20.13. Executing OPT_DFF pass (perform DFF optimizations).
Adding SRST signal on $auto$ff.cc:266:slice$25393 ($_SDFF_PN0_) from module $paramod$a1eea2f2e8d1a342568fc48780b8e97a0b12c301\final_alu_op_range_guard (D = $procmux$962.Y_B, Q = \done, rval = 1'0).

20.14. Executing OPT_CLEAN pass (remove unused cells and wires).
Finding unused cells or wires in module $paramod$3d5933457824fda5c29cfed42e669bf3c7234f6e\final_alu_encoder_runtime..
Finding unused cells or wires in module $paramod$4189ba8f5f2c2b48a04fc022fed7b1fdd11c3d0e\final_alu_cfg_precompute..
Finding unused cells or wires in module $paramod$4189ba8f5f2c2b48a04fc022fed7b1fdd11c3d0e\final_alu_corrector_search_v18..
Finding unused cells or wires in module $paramod$7fc61225471e37c5061c2290377709fe8f34c170\final_alu_runtime_cu..
Finding unused cells or wires in module $paramod$9b3939a60ab655ff6b5bd5df57c0bdbbd255081a\final_alu_cfg_checker..
Finding unused cells or wires in module $paramod$a1eea2f2e8d1a342568fc48780b8e97a0b12c301\final_alu_op_range_guard..
Finding unused cells or wires in module $paramod$a1eea2f2e8d1a342568fc48780b8e97a0b12c301\final_alu_range_check..
Finding unused cells or wires in module $paramod\final_alu_cfg_regs\WM=s32'00000000000000000000000000000101..
Finding unused cells or wires in module $paramod\final_alu_slice_runtime\WM=s32'00000000000000000000000000000101..
Finding unused cells or wires in module \final_alu_runtime_top..
Removed 1 unused cells and 21 unused wires.
<suppressed ~4 debug messages>

20.15. Executing OPT_EXPR pass (perform const folding).
Optimizing module $paramod$3d5933457824fda5c29cfed42e669bf3c7234f6e\final_alu_encoder_runtime.
Optimizing module $paramod$4189ba8f5f2c2b48a04fc022fed7b1fdd11c3d0e\final_alu_cfg_precompute.
Optimizing module $paramod$4189ba8f5f2c2b48a04fc022fed7b1fdd11c3d0e\final_alu_corrector_search_v18.
Optimizing module $paramod$7fc61225471e37c5061c2290377709fe8f34c170\final_alu_runtime_cu.
Optimizing module $paramod$9b3939a60ab655ff6b5bd5df57c0bdbbd255081a\final_alu_cfg_checker.
Optimizing module $paramod$a1eea2f2e8d1a342568fc48780b8e97a0b12c301\final_alu_op_range_guard.
Optimizing module $paramod$a1eea2f2e8d1a342568fc48780b8e97a0b12c301\final_alu_range_check.
Optimizing module $paramod\final_alu_cfg_regs\WM=s32'00000000000000000000000000000101.
Optimizing module $paramod\final_alu_slice_runtime\WM=s32'00000000000000000000000000000101.
Optimizing module final_alu_runtime_top.

20.16. Rerunning OPT passes. (Maybe there is more to do..)

20.17. Executing OPT_MUXTREE pass (detect dead branches in mux trees).
Running muxtree optimizer on module $paramod$3d5933457824fda5c29cfed42e669bf3c7234f6e\final_alu_encoder_runtime..
  Creating internal representation of mux trees.
  No muxes found in this module.
Running muxtree optimizer on module $paramod$4189ba8f5f2c2b48a04fc022fed7b1fdd11c3d0e\final_alu_cfg_precompute..
  Creating internal representation of mux trees.
  No muxes found in this module.
Running muxtree optimizer on module $paramod$4189ba8f5f2c2b48a04fc022fed7b1fdd11c3d0e\final_alu_corrector_search_v18..
  Creating internal representation of mux trees.
  No muxes found in this module.
Running muxtree optimizer on module $paramod$7fc61225471e37c5061c2290377709fe8f34c170\final_alu_runtime_cu..
  Creating internal representation of mux trees.
  No muxes found in this module.
Running muxtree optimizer on module $paramod$9b3939a60ab655ff6b5bd5df57c0bdbbd255081a\final_alu_cfg_checker..
  Creating internal representation of mux trees.
  No muxes found in this module.
Running muxtree optimizer on module $paramod$a1eea2f2e8d1a342568fc48780b8e97a0b12c301\final_alu_op_range_guard..
  Creating internal representation of mux trees.
  No muxes found in this module.
Running muxtree optimizer on module $paramod$a1eea2f2e8d1a342568fc48780b8e97a0b12c301\final_alu_range_check..
  Creating internal representation of mux trees.
  No muxes found in this module.
Running muxtree optimizer on module $paramod\final_alu_cfg_regs\WM=s32'00000000000000000000000000000101..
  Creating internal representation of mux trees.
  No muxes found in this module.
Running muxtree optimizer on module $paramod\final_alu_slice_runtime\WM=s32'00000000000000000000000000000101..
  Creating internal representation of mux trees.
  No muxes found in this module.
Running muxtree optimizer on module \final_alu_runtime_top..
  Creating internal representation of mux trees.
  No muxes found in this module.
Removed 0 multiplexer ports.

20.18. Executing OPT_REDUCE pass (consolidate $*mux and $reduce_* inputs).
  Optimizing cells in module $paramod$3d5933457824fda5c29cfed42e669bf3c7234f6e\final_alu_encoder_runtime.
  Optimizing cells in module $paramod$4189ba8f5f2c2b48a04fc022fed7b1fdd11c3d0e\final_alu_cfg_precompute.
  Optimizing cells in module $paramod$4189ba8f5f2c2b48a04fc022fed7b1fdd11c3d0e\final_alu_corrector_search_v18.
  Optimizing cells in module $paramod$7fc61225471e37c5061c2290377709fe8f34c170\final_alu_runtime_cu.
  Optimizing cells in module $paramod$9b3939a60ab655ff6b5bd5df57c0bdbbd255081a\final_alu_cfg_checker.
  Optimizing cells in module $paramod$a1eea2f2e8d1a342568fc48780b8e97a0b12c301\final_alu_op_range_guard.
  Optimizing cells in module $paramod$a1eea2f2e8d1a342568fc48780b8e97a0b12c301\final_alu_range_check.
  Optimizing cells in module $paramod\final_alu_cfg_regs\WM=s32'00000000000000000000000000000101.
  Optimizing cells in module $paramod\final_alu_slice_runtime\WM=s32'00000000000000000000000000000101.
  Optimizing cells in module \final_alu_runtime_top.
Performed a total of 0 changes.

20.19. Executing OPT_MERGE pass (detect identical cells).
Finding identical cells in module `$paramod$3d5933457824fda5c29cfed42e669bf3c7234f6e\final_alu_encoder_runtime'.
Finding identical cells in module `$paramod$4189ba8f5f2c2b48a04fc022fed7b1fdd11c3d0e\final_alu_cfg_precompute'.
Finding identical cells in module `$paramod$4189ba8f5f2c2b48a04fc022fed7b1fdd11c3d0e\final_alu_corrector_search_v18'.
Finding identical cells in module `$paramod$7fc61225471e37c5061c2290377709fe8f34c170\final_alu_runtime_cu'.
Finding identical cells in module `$paramod$9b3939a60ab655ff6b5bd5df57c0bdbbd255081a\final_alu_cfg_checker'.
Finding identical cells in module `$paramod$a1eea2f2e8d1a342568fc48780b8e97a0b12c301\final_alu_op_range_guard'.
Finding identical cells in module `$paramod$a1eea2f2e8d1a342568fc48780b8e97a0b12c301\final_alu_range_check'.
Finding identical cells in module `$paramod\final_alu_cfg_regs\WM=s32'00000000000000000000000000000101'.
Finding identical cells in module `$paramod\final_alu_slice_runtime\WM=s32'00000000000000000000000000000101'.
Finding identical cells in module `\final_alu_runtime_top'.
Removed a total of 0 cells.

20.20. Executing OPT_DFF pass (perform DFF optimizations).

20.21. Executing OPT_CLEAN pass (remove unused cells and wires).
Finding unused cells or wires in module $paramod$3d5933457824fda5c29cfed42e669bf3c7234f6e\final_alu_encoder_runtime..
Finding unused cells or wires in module $paramod$4189ba8f5f2c2b48a04fc022fed7b1fdd11c3d0e\final_alu_cfg_precompute..
Finding unused cells or wires in module $paramod$4189ba8f5f2c2b48a04fc022fed7b1fdd11c3d0e\final_alu_corrector_search_v18..
Finding unused cells or wires in module $paramod$7fc61225471e37c5061c2290377709fe8f34c170\final_alu_runtime_cu..
Finding unused cells or wires in module $paramod$9b3939a60ab655ff6b5bd5df57c0bdbbd255081a\final_alu_cfg_checker..
Finding unused cells or wires in module $paramod$a1eea2f2e8d1a342568fc48780b8e97a0b12c301\final_alu_op_range_guard..
Finding unused cells or wires in module $paramod$a1eea2f2e8d1a342568fc48780b8e97a0b12c301\final_alu_range_check..
Finding unused cells or wires in module $paramod\final_alu_cfg_regs\WM=s32'00000000000000000000000000000101..
Finding unused cells or wires in module $paramod\final_alu_slice_runtime\WM=s32'00000000000000000000000000000101..
Finding unused cells or wires in module \final_alu_runtime_top..

20.22. Executing OPT_EXPR pass (perform const folding).
Optimizing module $paramod$3d5933457824fda5c29cfed42e669bf3c7234f6e\final_alu_encoder_runtime.
Optimizing module $paramod$4189ba8f5f2c2b48a04fc022fed7b1fdd11c3d0e\final_alu_cfg_precompute.
Optimizing module $paramod$4189ba8f5f2c2b48a04fc022fed7b1fdd11c3d0e\final_alu_corrector_search_v18.
Optimizing module $paramod$7fc61225471e37c5061c2290377709fe8f34c170\final_alu_runtime_cu.
Optimizing module $paramod$9b3939a60ab655ff6b5bd5df57c0bdbbd255081a\final_alu_cfg_checker.
Optimizing module $paramod$a1eea2f2e8d1a342568fc48780b8e97a0b12c301\final_alu_op_range_guard.
Optimizing module $paramod$a1eea2f2e8d1a342568fc48780b8e97a0b12c301\final_alu_range_check.
Optimizing module $paramod\final_alu_cfg_regs\WM=s32'00000000000000000000000000000101.
Optimizing module $paramod\final_alu_slice_runtime\WM=s32'00000000000000000000000000000101.
Optimizing module final_alu_runtime_top.

20.23. Finished OPT passes. (There is nothing left to do.)

21. Executing CHECK pass (checking for obvious problems).
Checking module $paramod$3d5933457824fda5c29cfed42e669bf3c7234f6e\final_alu_encoder_runtime...
Checking module $paramod$4189ba8f5f2c2b48a04fc022fed7b1fdd11c3d0e\final_alu_cfg_precompute...
Checking module $paramod$4189ba8f5f2c2b48a04fc022fed7b1fdd11c3d0e\final_alu_corrector_search_v18...
Checking module $paramod$7fc61225471e37c5061c2290377709fe8f34c170\final_alu_runtime_cu...
Checking module $paramod$9b3939a60ab655ff6b5bd5df57c0bdbbd255081a\final_alu_cfg_checker...
Checking module $paramod$a1eea2f2e8d1a342568fc48780b8e97a0b12c301\final_alu_op_range_guard...
Checking module $paramod$a1eea2f2e8d1a342568fc48780b8e97a0b12c301\final_alu_range_check...
Checking module $paramod\final_alu_cfg_regs\WM=s32'00000000000000000000000000000101...
Checking module $paramod\final_alu_slice_runtime\WM=s32'00000000000000000000000000000101...
Checking module final_alu_runtime_top...
Found and reported 0 problems.

22. Printing statistics.

=== $paramod$3d5933457824fda5c29cfed42e669bf3c7234f6e\final_alu_encoder_runtime ===

   Number of wires:                276
   Number of wire bits:           1090
   Number of public wires:          24
   Number of public wire bits:     204
   Number of memories:               0
   Number of memory bits:            0
   Number of processes:              0
   Number of cells:                829
     $_AND_                        237
     $_DFFE_PP_                     89
     $_MUX_                        170
     $_NOT_                         75
     $_OR_                         189
     $_SDFFE_PN0P_                  14
     $_SDFFE_PN1P_                   1
     $_SDFF_PN0_                     1
     $_XOR_                         53

=== $paramod$4189ba8f5f2c2b48a04fc022fed7b1fdd11c3d0e\final_alu_cfg_precompute ===

   Number of wires:                 13
   Number of wire bits:             70
   Number of public wires:          13
   Number of public wire bits:      70
   Number of memories:               0
   Number of memory bits:            0
   Number of processes:              0
   Number of cells:                  2
     $_SDFFE_PN0P_                   1
     $_SDFF_PN0_                     1

=== $paramod$4189ba8f5f2c2b48a04fc022fed7b1fdd11c3d0e\final_alu_corrector_search_v18 ===

   Number of wires:                691
   Number of wire bits:           3401
   Number of public wires:          67
   Number of public wire bits:     424
   Number of memories:               0
   Number of memory bits:            0
   Number of processes:              0
   Number of cells:               2004
     $_AND_                        439
     $_DFFE_PN_                     38
     $_DFFE_PP_                    121
     $_MUX_                        721
     $_NOT_                        159
     $_OR_                         314
     $_SDFFE_PN0P_                   7
     $_SDFFE_PN1P_                   1
     $_SDFF_PN0_                     1
     $_XOR_                        203

=== $paramod$7fc61225471e37c5061c2290377709fe8f34c170\final_alu_runtime_cu ===

   Number of wires:                  4
   Number of wire bits:             14
   Number of public wires:           4
   Number of public wire bits:      14
   Number of memories:               0
   Number of memory bits:            0
   Number of processes:              0
   Number of cells:                  0

=== $paramod$9b3939a60ab655ff6b5bd5df57c0bdbbd255081a\final_alu_cfg_checker ===

   Number of wires:                560
   Number of wire bits:           3066
   Number of public wires:          39
   Number of public wire bits:     250
   Number of memories:               0
   Number of memory bits:            0
   Number of processes:              0
   Number of cells:               1679
     $_AND_                        673
     $_DFFE_PP_                     49
     $_DFF_P_                       20
     $_MUX_                        124
     $_NOT_                         80
     $_OR_                         422
     $_SDFFE_PN0P_                  11
     $_SDFFE_PN1P_                   1
     $_SDFF_PN0_                     1
     $_XOR_                        298

=== $paramod$a1eea2f2e8d1a342568fc48780b8e97a0b12c301\final_alu_op_range_guard ===

   Number of wires:                964
   Number of wire bits:           3467
   Number of public wires:          37
   Number of public wire bits:     490
   Number of memories:               0
   Number of memory bits:            0
   Number of processes:              0
   Number of cells:               2655
     $_AND_                       1033
     $_DFFE_PP_                     70
     $_MUX_                        411
     $_NOT_                        240
     $_OR_                         487
     $_SDFFE_PN0P_                   6
     $_SDFFE_PN1P_                   1
     $_SDFF_PN0_                     1
     $_XOR_                        406

=== $paramod$a1eea2f2e8d1a342568fc48780b8e97a0b12c301\final_alu_range_check ===

   Number of wires:                125
   Number of wire bits:            424
   Number of public wires:           8
   Number of public wire bits:     131
   Number of memories:               0
   Number of memory bits:            0
   Number of processes:              0
   Number of cells:                296
     $_AND_                        120
     $_MUX_                         21
     $_NOT_                         42
     $_OR_                          54
     $_XOR_                         59

=== $paramod\final_alu_cfg_regs\WM=s32'00000000000000000000000000000101 ===

   Number of wires:                 53
   Number of wire bits:            118
   Number of public wires:          17
   Number of public wire bits:      75
   Number of memories:               0
   Number of memory bits:            0
   Number of processes:              0
   Number of cells:                 75
     $_AND_                          9
     $_MUX_                          3
     $_NOT_                         10
     $_OR_                          19
     $_SDFFE_PN0P_                  31
     $_SDFFE_PN1P_                   2
     $_SDFF_PN0_                     1

=== $paramod\final_alu_slice_runtime\WM=s32'00000000000000000000000000000101 ===

   Number of wires:                274
   Number of wire bits:            894
   Number of public wires:          45
   Number of public wire bits:     207
   Number of memories:               0
   Number of memory bits:            0
   Number of processes:              0
   Number of cells:                619
     $_AND_                        193
     $_DFFE_PP_                     40
     $_MUX_                        103
     $_NOT_                         58
     $_OR_                         128
     $_SDFFE_PN0P_                   3
     $_SDFFE_PN1P_                   1
     $_SDFF_PN0_                     1
     $_XOR_                         92

=== final_alu_runtime_top ===

   Number of wires:               1041
   Number of wire bits:          10472
   Number of public wires:         204
   Number of public wire bits:    1316
   Number of memories:               0
   Number of memory bits:            0
   Number of processes:              0
   Number of cells:               2367
     $_AND_                        311
     $_DFFE_PP_                    516
     $_DFF_P_                        2
     $_MUX_                        465
     $_NOT_                        148
     $_OR_                         828
     $_SDFFE_PN0P_                  67
     $_SDFFE_PN1P_                   4
     $_SDFF_PN0_                    15
     $_XOR_                          2
     $paramod$3d5933457824fda5c29cfed42e669bf3c7234f6e\final_alu_encoder_runtime      1
     $paramod$4189ba8f5f2c2b48a04fc022fed7b1fdd11c3d0e\final_alu_cfg_precompute      1
     $paramod$4189ba8f5f2c2b48a04fc022fed7b1fdd11c3d0e\final_alu_corrector_search_v18      1
     $paramod$7fc61225471e37c5061c2290377709fe8f34c170\final_alu_runtime_cu      1
     $paramod$9b3939a60ab655ff6b5bd5df57c0bdbbd255081a\final_alu_cfg_checker      1
     $paramod$a1eea2f2e8d1a342568fc48780b8e97a0b12c301\final_alu_op_range_guard      1
     $paramod$a1eea2f2e8d1a342568fc48780b8e97a0b12c301\final_alu_range_check      1
     $paramod\final_alu_cfg_regs\WM=s32'00000000000000000000000000000101      1
     $paramod\final_alu_slice_runtime\WM=s32'00000000000000000000000000000101      1

=== design hierarchy ===

   final_alu_runtime_top             1
     $paramod$3d5933457824fda5c29cfed42e669bf3c7234f6e\final_alu_encoder_runtime      1
     $paramod$4189ba8f5f2c2b48a04fc022fed7b1fdd11c3d0e\final_alu_cfg_precompute      1
     $paramod$4189ba8f5f2c2b48a04fc022fed7b1fdd11c3d0e\final_alu_corrector_search_v18      1
     $paramod$7fc61225471e37c5061c2290377709fe8f34c170\final_alu_runtime_cu      1
     $paramod$9b3939a60ab655ff6b5bd5df57c0bdbbd255081a\final_alu_cfg_checker      1
     $paramod$a1eea2f2e8d1a342568fc48780b8e97a0b12c301\final_alu_op_range_guard      1
     $paramod$a1eea2f2e8d1a342568fc48780b8e97a0b12c301\final_alu_range_check      1
     $paramod\final_alu_cfg_regs\WM=s32'00000000000000000000000000000101      1
     $paramod\final_alu_slice_runtime\WM=s32'00000000000000000000000000000101      1

   Number of wires:               4001
   Number of wire bits:          23016
   Number of public wires:         458
   Number of public wire bits:    3181
   Number of memories:               0
   Number of memory bits:            0
   Number of processes:              0
   Number of cells:              10517
     $_AND_                       3015
     $_DFFE_PN_                     38
     $_DFFE_PP_                    885
     $_DFF_P_                       22
     $_MUX_                       2018
     $_NOT_                        812
     $_OR_                        2441
     $_SDFFE_PN0P_                 140
     $_SDFFE_PN1P_                  11
     $_SDFF_PN0_                    22
     $_XOR_                       1113

{
   "creator": "Yosys 0.33 (git sha1 2584903a060)",
   "invocation": "stat -json ",
   "modules": {
      "$paramod$3d5933457824fda5c29cfed42e669bf3c7234f6e\\final_alu_encoder_runtime": {
         "num_wires":         276,
         "num_wire_bits":     1090,
         "num_pub_wires":     24,
         "num_pub_wire_bits": 204,
         "num_memories":      0,
         "num_memory_bits":   0,
         "num_processes":     0,
         "num_cells":         829,
         "num_cells_by_type": {
            "$_AND_": 237,
            "$_DFFE_PP_": 89,
            "$_MUX_": 170,
            "$_NOT_": 75,
            "$_OR_": 189,
            "$_SDFFE_PN0P_": 14,
            "$_SDFFE_PN1P_": 1,
            "$_SDFF_PN0_": 1,
            "$_XOR_": 53
         }
      },
      "$paramod$4189ba8f5f2c2b48a04fc022fed7b1fdd11c3d0e\\final_alu_cfg_precompute": {
         "num_wires":         13,
         "num_wire_bits":     70,
         "num_pub_wires":     13,
         "num_pub_wire_bits": 70,
         "num_memories":      0,
         "num_memory_bits":   0,
         "num_processes":     0,
         "num_cells":         2,
         "num_cells_by_type": {
            "$_SDFFE_PN0P_": 1,
            "$_SDFF_PN0_": 1
         }
      },
      "$paramod$4189ba8f5f2c2b48a04fc022fed7b1fdd11c3d0e\\final_alu_corrector_search_v18": {
         "num_wires":         691,
         "num_wire_bits":     3401,
         "num_pub_wires":     67,
         "num_pub_wire_bits": 424,
         "num_memories":      0,
         "num_memory_bits":   0,
         "num_processes":     0,
         "num_cells":         2004,
         "num_cells_by_type": {
            "$_AND_": 439,
            "$_DFFE_PN_": 38,
            "$_DFFE_PP_": 121,
            "$_MUX_": 721,
            "$_NOT_": 159,
            "$_OR_": 314,
            "$_SDFFE_PN0P_": 7,
            "$_SDFFE_PN1P_": 1,
            "$_SDFF_PN0_": 1,
            "$_XOR_": 203
         }
      },
      "$paramod$7fc61225471e37c5061c2290377709fe8f34c170\\final_alu_runtime_cu": {
         "num_wires":         4,
         "num_wire_bits":     14,
         "num_pub_wires":     4,
         "num_pub_wire_bits": 14,
         "num_memories":      0,
         "num_memory_bits":   0,
         "num_processes":     0,
         "num_cells":         0,
         "num_cells_by_type": {

         }
      },
      "$paramod$9b3939a60ab655ff6b5bd5df57c0bdbbd255081a\\final_alu_cfg_checker": {
         "num_wires":         560,
         "num_wire_bits":     3066,
         "num_pub_wires":     39,
         "num_pub_wire_bits": 250,
         "num_memories":      0,
         "num_memory_bits":   0,
         "num_processes":     0,
         "num_cells":         1679,
         "num_cells_by_type": {
            "$_AND_": 673,
            "$_DFFE_PP_": 49,
            "$_DFF_P_": 20,
            "$_MUX_": 124,
            "$_NOT_": 80,
            "$_OR_": 422,
            "$_SDFFE_PN0P_": 11,
            "$_SDFFE_PN1P_": 1,
            "$_SDFF_PN0_": 1,
            "$_XOR_": 298
         }
      },
      "$paramod$a1eea2f2e8d1a342568fc48780b8e97a0b12c301\\final_alu_op_range_guard": {
         "num_wires":         964,
         "num_wire_bits":     3467,
         "num_pub_wires":     37,
         "num_pub_wire_bits": 490,
         "num_memories":      0,
         "num_memory_bits":   0,
         "num_processes":     0,
         "num_cells":         2655,
         "num_cells_by_type": {
            "$_AND_": 1033,
            "$_DFFE_PP_": 70,
            "$_MUX_": 411,
            "$_NOT_": 240,
            "$_OR_": 487,
            "$_SDFFE_PN0P_": 6,
            "$_SDFFE_PN1P_": 1,
            "$_SDFF_PN0_": 1,
            "$_XOR_": 406
         }
      },
      "$paramod$a1eea2f2e8d1a342568fc48780b8e97a0b12c301\\final_alu_range_check": {
         "num_wires":         125,
         "num_wire_bits":     424,
         "num_pub_wires":     8,
         "num_pub_wire_bits": 131,
         "num_memories":      0,
         "num_memory_bits":   0,
         "num_processes":     0,
         "num_cells":         296,
         "num_cells_by_type": {
            "$_AND_": 120,
            "$_MUX_": 21,
            "$_NOT_": 42,
            "$_OR_": 54,
            "$_XOR_": 59
         }
      },
      "$paramod\\final_alu_cfg_regs\\WM=s32'00000000000000000000000000000101": {
         "num_wires":         53,
         "num_wire_bits":     118,
         "num_pub_wires":     17,
         "num_pub_wire_bits": 75,
         "num_memories":      0,
         "num_memory_bits":   0,
         "num_processes":     0,
         "num_cells":         75,
         "num_cells_by_type": {
            "$_AND_": 9,
            "$_MUX_": 3,
            "$_NOT_": 10,
            "$_OR_": 19,
            "$_SDFFE_PN0P_": 31,
            "$_SDFFE_PN1P_": 2,
            "$_SDFF_PN0_": 1
         }
      },
      "$paramod\\final_alu_slice_runtime\\WM=s32'00000000000000000000000000000101": {
         "num_wires":         274,
         "num_wire_bits":     894,
         "num_pub_wires":     45,
         "num_pub_wire_bits": 207,
         "num_memories":      0,
         "num_memory_bits":   0,
         "num_processes":     0,
         "num_cells":         619,
         "num_cells_by_type": {
            "$_AND_": 193,
            "$_DFFE_PP_": 40,
            "$_MUX_": 103,
            "$_NOT_": 58,
            "$_OR_": 128,
            "$_SDFFE_PN0P_": 3,
            "$_SDFFE_PN1P_": 1,
            "$_SDFF_PN0_": 1,
            "$_XOR_": 92
         }
      },
      "\\final_alu_runtime_top": {
         "num_wires":         1041,
         "num_wire_bits":     10472,
         "num_pub_wires":     204,
         "num_pub_wire_bits": 1316,
         "num_memories":      0,
         "num_memory_bits":   0,
         "num_processes":     0,
         "num_cells":         2367,
         "num_cells_by_type": {
            "$_AND_": 311,
            "$_DFFE_PP_": 516,
            "$_DFF_P_": 2,
            "$_MUX_": 465,
            "$_NOT_": 148,
            "$_OR_": 828,
            "$_SDFFE_PN0P_": 67,
            "$_SDFFE_PN1P_": 4,
            "$_SDFF_PN0_": 15,
            "$_XOR_": 2,
            "$paramod$3d5933457824fda5c29cfed42e669bf3c7234f6e\\final_alu_encoder_runtime": 1,
            "$paramod$4189ba8f5f2c2b48a04fc022fed7b1fdd11c3d0e\\final_alu_cfg_precompute": 1,
            "$paramod$4189ba8f5f2c2b48a04fc022fed7b1fdd11c3d0e\\final_alu_corrector_search_v18": 1,
            "$paramod$7fc61225471e37c5061c2290377709fe8f34c170\\final_alu_runtime_cu": 1,
            "$paramod$9b3939a60ab655ff6b5bd5df57c0bdbbd255081a\\final_alu_cfg_checker": 1,
            "$paramod$a1eea2f2e8d1a342568fc48780b8e97a0b12c301\\final_alu_op_range_guard": 1,
            "$paramod$a1eea2f2e8d1a342568fc48780b8e97a0b12c301\\final_alu_range_check": 1,
            "$paramod\\final_alu_cfg_regs\\WM=s32'00000000000000000000000000000101": 1,
            "$paramod\\final_alu_slice_runtime\\WM=s32'00000000000000000000000000000101": 1
         }
      }
   },
      "design": {
         "num_wires":         4001,
         "num_wire_bits":     23016,
         "num_pub_wires":     458,
         "num_pub_wire_bits": 3181,
         "num_memories":      0,
         "num_memory_bits":   0,
         "num_processes":     0,
         "num_cells":         10517,
         "num_cells_by_type": {
            "$_AND_": 3015,
            "$_DFFE_PN_": 38,
            "$_DFFE_PP_": 885,
            "$_DFF_P_": 22,
            "$_MUX_": 2018,
            "$_NOT_": 812,
            "$_OR_": 2441,
            "$_SDFFE_PN0P_": 140,
            "$_SDFFE_PN1P_": 11,
            "$_SDFF_PN0_": 22,
            "$_XOR_": 1113
         }
      }
}

23. Executing Verilog backend.
Dumping module `$paramod$3d5933457824fda5c29cfed42e669bf3c7234f6e\final_alu_encoder_runtime'.
Dumping module `$paramod$4189ba8f5f2c2b48a04fc022fed7b1fdd11c3d0e\final_alu_cfg_precompute'.
Dumping module `$paramod$4189ba8f5f2c2b48a04fc022fed7b1fdd11c3d0e\final_alu_corrector_search_v18'.
Dumping module `$paramod$7fc61225471e37c5061c2290377709fe8f34c170\final_alu_runtime_cu'.
Dumping module `$paramod$9b3939a60ab655ff6b5bd5df57c0bdbbd255081a\final_alu_cfg_checker'.
Dumping module `$paramod$a1eea2f2e8d1a342568fc48780b8e97a0b12c301\final_alu_op_range_guard'.
Dumping module `$paramod$a1eea2f2e8d1a342568fc48780b8e97a0b12c301\final_alu_range_check'.
Dumping module `$paramod\final_alu_cfg_regs\WM=s32'00000000000000000000000000000101'.
Dumping module `$paramod\final_alu_slice_runtime\WM=s32'00000000000000000000000000000101'.
Dumping module `\final_alu_runtime_top'.

End of script. Logfile hash: c6ad4a0ed6, CPU: user 5.60s system 0.07s, MEM: 164.99 MB peak
Yosys 0.33 (git sha1 2584903a060)
Time spent: 30% 37x opt_expr (1 sec), 23% 1x techmap (1 sec), ...
